id,name,anal,anal_ID,quar,quar_ID,cal,cal_ID,arag,arag_ID,dolo,dolo_ID,orth,orth_ID,anorth,anorth_ID,plagi,plagi_ID,mont,mont_ID,ill,ill_ID,py,py_ID,alb,alb_ID,mus,mus_ID,anothi,anothi_ID,iron,iron_ID,paly,paly_ID,chab,chab_ID,phil,phil_ID,harm,harm_ID,clin,clin_ID,erio,erio_ID,sani,sani_ID,hali,hali_ID,gyp,gyp_ID,andr,andr_ID,nont,nont_ID,any1,any1_ID,any2,any2_ID
1,2A-20Y-1-16-18,1,NA,3,NA,0,NA,0,NA,2,01-079-1345,1,NA,0,NA,0,NA,1,NA,0,NA,0,NA,0,NA,0,NA,2,00-020-0528,0,NA,1,01-082-1872,0,NA,0,NA,0,NA,0,NA,0,NA,0,NA,0,NA,0,NA,0,NA,0,NA,0,,0,
2,2A-20Y-1-48-50,1,NA,3,NA,2,NA,0,NA,0,NA,2,NA,1,01-076-0803,0,NA,0,NA,0,NA,0,NA,2,01-089-6423,1,NA,0,NA,0,NA,0,NA,1,00-034-0137,1,00-039-1375,0,NA,0,NA,0,NA,0,NA,0,NA,0,NA,0,NA,0,NA,2,Cordiarite,0,NA
3,2A-20Y-1-80-83,0,NA,3,NA,2,NA,0,NA,0,NA,0,NA,0,NA,2,01-083-1371,1,NA,0,NA,0,NA,2,00-041-1480,0,NA,0,NA,0,NA,0,NA,0,NA,0,NA,0,NA,0,NA,0,NA,0,NA,0,NA,0,NA,0,NA,0,NA,1,Microcline,0,NA
4,2A-20Y-1-112-114,1,NA,3,NA,2,01-071-3699,0,NA,0,NA,0,NA,0,NA,2,01-083-1417,2,NA,0,NA,0,NA,3,NA,2,NA,0,NA,0,NA,0,NA,0,NA,0,NA,0,NA,0,NA,0,NA,0,NA,0,NA,0,NA,0,NA,0,NA,1,Aluminium Oxide,0,NA
5,2A-20Y-1-144-146,1,NA,2,NA,3,01-071-3699,0,NA,0,NA,0,NA,0,NA,0,NA,1,NA,0,NA,0,NA,2,NA,1,NA,1,01-075-1587,0,NA,0,NA,0,NA,0,NA,0,NA,0,NA,0,NA,1,00-010-0357,0,NA,0,NA,0,NA,0,NA,0,NA,0,NA
6,2A-20Y-2-16-18,1,NA,3,01-086-1560,1,01-071-3699,0,NA,0,NA,0,NA,0,NA,0,NA,1,NA,0,NA,0,NA,0,NA,0,NA,2,00-020-0528,0,NA,0,NA,0,NA,0,NA,0,NA,0,NA,0,NA,0,NA,0,NA,0,NA,0,NA,0,NA,1,Actinolite,0,NA
7,2A-20Y-2-48-50,1,00-041-1478,2,NA,2,01-071-3699,0,NA,0,NA,0,NA,0,NA,1,01-083-1417,1,NA,0,NA,0,NA,0,NA,0,NA,0,NA,0,NA,0,NA,0,NA,0,NA,0,NA,0,NA,0,NA,0,NA,0,NA,0,NA,0,NA,0,NA,1,Sodium Aluminium Silicate,0,NA
8,2A-20Y-2-80-83,1,NA,1,NA,1,01-071-3699,0,NA,0,NA,0,NA,0,NA,0,NA,1,NA,0,NA,0,NA,1,NA,0,NA,0,NA,0,NA,0,NA,0,NA,0,NA,0,NA,0,NA,0,NA,0,NA,0,NA,0,NA,0,NA,0,NA,0,NA,0,NA
9,2A-20Y-2-112-114,2,NA,2,01-086-1560,3,01-071-3699,0,NA,0,NA,0,NA,3,01-076-0803,0,NA,2,NA,0,NA,0,NA,0,NA,0,NA,0,NA,0,NA,0,NA,0,NA,0,NA,0,NA,0,NA,0,NA,0,NA,0,NA,0,NA,0,NA,0,NA,1,Actinolite,0,NA
10,2A-20Y-2-144-146,1,NA,1,01-086-1560,1,01-071-3699,0,NA,0,NA,0,NA,1,NA,0,NA,1,00-012-0204,1,NA,0,NA,0,NA,0,NA,0,NA,0,NA,0,NA,0,NA,0,NA,0,NA,0,NA,0,NA,0,NA,0,NA,0,NA,0,NA,0,NA,1,Actinolite,0,NA
11,2A-21Y-1-16-18,2,NA,1,NA,1,01-071-3699,0,NA,1,NA,0,NA,2,NA,2,01-083-1417,1,NA,0,NA,0,NA,0,NA,1,NA,0,NA,0,NA,0,NA,1,00-034-0137,1,00-039-1375,0,NA,0,NA,0,NA,0,NA,0,NA,0,NA,0,NA,0,NA,0,NA,0,NA
12,2A-21Y-1-48-50,1,NA,3,NA,1,NA,0,NA,2,01-079-1345,0,NA,0,NA,0,NA,1,NA,0,NA,0,NA,2,00-041-1480,0,NA,0,NA,0,NA,1,01-082-1872,0,NA,1,00-039-1375,0,NA,0,NA,0,NA,0,NA,0,NA,0,NA,0,NA,0,NA,1,Microcline,0,NA
13,2A-21Y-1-80-83,1,NA,3,NA,1,01-071-3699,0,NA,0,NA,0,NA,0,NA,0,NA,1,NA,0,NA,0,NA,2,00-041-1480,0,NA,0,NA,0,NA,0,NA,0,NA,0,NA,0,NA,0,NA,0,NA,0,NA,0,NA,0,NA,1,NA,0,NA,1,Microcline,0,NA
14,2A-22Y-1-16-18,1,NA,3,NA,3,00-005-0586,0,NA,1,NA,0,NA,0,NA,0,NA,0,NA,0,NA,0,NA,2,NA,0,NA,0,NA,0,NA,0,NA,0,NA,1,NA,2,NA,1,NA,0,NA,0,NA,0,NA,0,NA,0,NA,0,NA,0,NA,0,NA
15,2A-22Y-1-48-50,2,NA,3,NA,2,01-071-3699,0,NA,0,NA,0,NA,0,NA,0,NA,1,NA,0,NA,0,NA,2,NA,0,NA,0,NA,0,NA,0,NA,1,NA,0,NA,0,NA,0,NA,0,NA,0,NA,0,NA,0,NA,0,NA,0,NA,1,Microcline,0,NA
16,2A-22Y-1-80-83,1,NA,3,NA,2,01-071-3699,0,NA,0,NA,0,NA,0,NA,0,NA,0,NA,0,NA,0,NA,2,00-041-1480,0,NA,0,NA,0,NA,0,NA,0,NA,0,NA,0,NA,0,NA,0,NA,2,00-010-0357,0,NA,0,NA,1,NA,0,NA,0,NA,0,NA
17,2A-23Y-1-16-18,1,NA,3,NA,2,01-072-4582,0,NA,0,NA,1,01-076-0825,0,NA,1,NA,0,NA,0,NA,0,NA,1,00-041-1480,0,NA,0,NA,0,NA,0,NA,0,NA,0,NA,0,NA,0,NA,0,NA,0,NA,0,NA,0,NA,0,NA,0,NA,0,NA,0,NA
18,2A-23Y-1-48-50,1,NA,3,NA,2,01-072-4582,0,NA,1,01-079-1345,0,NA,0,NA,0,NA,0,NA,0,NA,0,NA,2,NA,0,NA,0,NA,0,NA,0,NA,0,NA,0,NA,0,NA,0,NA,0,NA,0,NA,0,NA,0,NA,0,NA,0,NA,2,Microcline,1,Hornblende
19,2A-23Y-1-80-83,1,NA,2,NA,2,00-005-0586,0,NA,0,NA,0,NA,0,NA,0,NA,1,NA,0,NA,0,NA,3,NA,0,NA,0,NA,0,NA,0,NA,0,NA,0,NA,0,NA,0,NA,0,NA,0,NA,0,NA,0,NA,0,NA,0,NA,1,Diopsite,1,Microcline
20,2A-23Y-1-112-114,1,NA,3,NA,2,00-005-0586,0,NA,0,NA,0,NA,0,NA,0,NA,0,NA,0,NA,0,NA,2,00-041-1480,0,NA,1,00-018-1202,0,NA,0,NA,0,NA,0,NA,0,NA,0,NA,0,NA,0,NA,0,NA,0,NA,0,NA,0,NA,1,Microcline,0,NA
21,2A-23Y-2-16-18,1,00-041-1478,3,NA,3,01-072-4582,0,NA,0,NA,0,NA,0,NA,0,NA,1,00-003-0015,0,NA,0,NA,0,NA,0,NA,2,NA,0,NA,0,NA,0,NA,0,NA,0,NA,0,NA,0,NA,2,NA,0,NA,0,NA,0,NA,0,NA,0,NA,0,NA
22,2A-23Y-2-48-50,3,NA,0,NA,3,01-071-3699,0,NA,1,01-079-1345,0,NA,0,NA,0,NA,1,NA,1,NA,0,NA,0,NA,0,NA,1,00-020-0528,0,NA,0,NA,0,NA,0,NA,0,NA,0,NA,0,NA,0,NA,0,NA,0,NA,0,NA,0,NA,0,NA,0,NA
23,2A-23Y-2-80-83,3,NA,0,NA,3,01-071-3699,0,NA,0,NA,0,NA,0,NA,0,NA,2,NA,0,NA,0,NA,0,NA,0,NA,0,NA,0,NA,0,NA,1,00-034-0137,0,NA,0,NA,0,NA,0,NA,1,01-083-1657,0,NA,0,NA,0,NA,0,NA,1,Microcline,0,NA
24,2A-23Y-2-112-114,2,00-041-1478,0,NA,3,01-071-3699,0,NA,0,NA,0,NA,0,NA,0,NA,0,NA,1,NA,0,NA,0,NA,0,NA,0,NA,0,NA,0,NA,0,NA,1,00-046-1427,0,NA,0,NA,0,NA,0,NA,0,NA,0,NA,0,NA,0,NA,0,NA,0,NA
25,2A-24Y-1-16-18,1,NA,0,NA,3,01-071-3699,0,NA,0,NA,0,NA,0,NA,0,NA,2,NA,0,NA,0,NA,0,NA,2,NA,0,NA,0,NA,0,NA,1,00-034-0137,1,NA,0,NA,1,NA,0,NA,1,NA,0,NA,0,NA,0,NA,0,NA,0,NA,0,NA
26,2A-24Y-1-48-50,3,NA,0,NA,3,01-071-3699,0,NA,0,NA,0,NA,0,NA,0,NA,1,NA,0,NA,0,NA,0,NA,0,NA,0,NA,0,NA,0,NA,0,NA,1,00-039-1375,0,NA,0,NA,0,NA,0,NA,0,NA,0,NA,0,NA,0,NA,0,NA,0,NA
27,2A-24Y-1-80-83,3,NA,1,NA,3,01-071-3699,0,NA,0,NA,1,01-086-0439,0,NA,0,NA,1,NA,1,00-009-0343,0,NA,0,NA,0,NA,0,NA,0,NA,0,NA,0,NA,1,NA,0,NA,0,NA,0,NA,0,NA,0,NA,0,NA,0,NA,0,NA,0,NA,0,NA
28,2A-24Y-1-112-114,3,NA,0,NA,3,01-071-3699,0,NA,0,NA,1,NA,0,NA,0,NA,2,NA,2,00-009-0343,0,NA,0,NA,0,NA,0,NA,0,NA,0,NA,0,NA,1,NA,0,NA,0,NA,0,NA,2,00-010-0357,0,NA,0,NA,0,NA,0,NA,0,NA,0,NA
29,2A-24Y-2-8-10,3,00-041-1478,0,NA,3,01-071-3699,0,NA,0,NA,0,NA,0,NA,0,NA,1,NA,1,00-009-0343,0,NA,0,NA,0,NA,0,NA,0,NA,0,NA,1,00-034-0137,1,NA,0,NA,0,NA,0,NA,1,01-083-1657,0,NA,0,NA,0,NA,0,NA,0,NA,0,NA
30,2A-25Y-1-16-19,2,NA,2,NA,3,01-071-3699,0,NA,1,01-079-1345,0,NA,0,NA,0,NA,1,NA,1,NA,1,NA,1,NA,1,NA,0,NA,0,NA,0,NA,1,00-034-0137,1,00-039-1375,0,NA,0,NA,0,NA,0,NA,0,NA,0,NA,0,NA,0,NA,0,NA,0,NA
31,2A-25Y-1-48-51,2,NA,0,NA,3,01-071-3699,0,NA,0,NA,0,NA,3,00-009-0478,0,NA,2,NA,0,NA,0,NA,0,NA,0,NA,0,NA,0,NA,0,NA,1,00-034-0137,0,NA,0,NA,0,NA,0,NA,1,01-087-0684,0,NA,0,NA,0,NA,0,NA,0,NA,0,NA
32,2A-25Y-1-78-81,2,NA,0,NA,3,01-071-3699,0,NA,1,NA,1,NA,0,NA,0,NA,1,NA,0,NA,0,NA,0,NA,0,NA,2,00-020-0528,0,NA,0,NA,0,NA,1,NA,0,NA,0,NA,0,NA,0,NA,0,NA,0,NA,0,NA,0,NA,0,NA,0,NA
33,2A-25Y-2-16-19,3,NA,3,NA,2,01-071-3699,0,NA,1,NA,1,NA,0,NA,0,NA,2,NA,0,NA,0,NA,2,NA,0,NA,0,NA,0,NA,0,NA,0,NA,2,00-039-1375,0,NA,0,NA,0,NA,0,NA,0,NA,0,NA,0,NA,0,NA,0,NA,0,NA
34,2A-25Y-2-48-51,2,NA,2,NA,3,01-071-3699,0,NA,1,01-079-1345,0,NA,0,NA,0,NA,1,NA,0,NA,0,NA,0,NA,0,NA,0,NA,0,NA,0,NA,1,NA,1,NA,0,NA,0,NA,0,NA,1,01-087-0684,0,NA,0,NA,0,NA,0,NA,0,NA,0,NA
35,2A-25Y-2-80-83,2,NA,0,NA,2,01-071-3699,0,NA,1,NA,0,NA,0,NA,0,NA,2,NA,0,NA,0,NA,0,NA,0,NA,0,NA,0,NA,1,01-082-1872,1,NA,1,NA,0,NA,0,NA,0,NA,0,NA,0,NA,0,NA,0,NA,0,NA,0,NA,0,NA
36,2A-26Y-1-16-19,3,NA,3,NA,3,01-071-3699,0,NA,0,NA,0,NA,2,01-076-0803,0,NA,2,NA,0,NA,0,NA,0,NA,0,NA,0,NA,0,NA,1,NA,0,NA,1,NA,0,NA,0,NA,0,NA,1,NA,0,NA,0,NA,0,NA,0,NA,0,NA,0,NA
37,2A-26Y-1-48-51,2,NA,0,NA,3,01-071-3699,0,NA,1,NA,1,NA,0,NA,0,NA,1,NA,1,00-009-0343,0,NA,1,NA,0,NA,1,NA,0,NA,1,00-005-0099,0,NA,0,NA,0,NA,0,NA,0,NA,0,NA,0,NA,0,NA,0,NA,0,NA,0,NA,0,NA
38,2A-26Y-1-80-83,2,NA,0,NA,3,00-005-0586,0,NA,2,NA,1,NA,1,01-076-0803,0,NA,1,NA,0,NA,0,NA,2,01-089-6423,0,NA,0,NA,0,NA,1,00-005-0099,0,NA,0,NA,0,NA,0,NA,0,NA,0,NA,0,NA,0,NA,0,NA,0,NA,0,NA,0,NA
39,2A-26Y-1-112-115,2,NA,1,NA,3,01-071-3699,0,NA,1,01-079-1345,0,NA,0,NA,0,NA,1,NA,0,NA,0,NA,0,NA,0,NA,1,00-020-0528,0,NA,1,01-082-1872,0,NA,1,NA,0,NA,1,NA,0,NA,0,NA,0,NA,0,NA,0,NA,0,NA,0,NA,0,NA
40,2A-26Y-2-16-19,2,NA,1,NA,3,00-005-0586,0,NA,0,NA,1,00-019-0002,0,NA,0,NA,1,NA,0,NA,0,NA,0,NA,0,NA,1,00-020-0528,0,NA,1,NA,0,NA,1,NA,1,NA,0,NA,0,NA,0,NA,0,NA,0,NA,0,NA,0,NA,0,NA,0,NA
41,2A-26Y-2-48-51,0,NA,0,NA,2,01-071-3699,0,NA,0,NA,3,NA,0,NA,0,NA,0,NA,2,NA,0,NA,0,NA,0,NA,0,NA,0,NA,1,NA,0,NA,0,NA,0,NA,0,NA,0,NA,0,NA,0,NA,1,NA,0,NA,0,NA,2,Diopside,0,NA
42,2A-26Y-2-80-83,0,NA,0,NA,3,00-005-0586,0,NA,0,NA,2,NA,1,00-009-0478,0,NA,1,NA,1,NA,0,NA,0,NA,0,NA,0,NA,0,NA,0,NA,0,NA,0,NA,0,NA,0,NA,0,NA,0,NA,0,NA,0,NA,0,NA,0,NA,0,NA,0,NA
43,2A-26Y-2-112-115,0,NA,0,NA,3,01-071-3699,0,NA,0,NA,3,NA,0,NA,0,NA,1,NA,1,NA,0,NA,0,NA,0,NA,0,NA,0,NA,1,01-082-1872,0,NA,0,NA,0,NA,0,NA,0,NA,0,NA,0,NA,0,NA,0,NA,0,NA,0,NA,0,NA
44,2A-26Y-2-144-147,0,NA,0,NA,3,00-005-0586,0,NA,0,NA,1,NA,0,NA,0,NA,1,00-012-0204,1,00-009-0343,0,NA,0,NA,0,NA,0,NA,0,NA,1,01-082-1872,0,NA,0,NA,0,NA,0,NA,0,NA,0,NA,0,NA,0,NA,0,NA,0,NA,2,Amphibole,0,NA
45,2A-26Y-3-6-8,0,NA,0,NA,3,00-005-0586,0,NA,0,NA,1,NA,0,NA,0,NA,1,00-012-0204,0,NA,0,NA,0,NA,0,NA,0,NA,0,NA,0,NA,0,NA,0,NA,0,NA,0,NA,0,NA,0,NA,0,NA,0,NA,0,NA,0,NA,0,NA,0,NA
46,2A-27Y-1-16-18,0,NA,0,NA,3,00-005-0586,0,NA,0,NA,1,NA,0,NA,0,NA,1,NA,0,NA,0,NA,0,NA,0,NA,0,NA,0,NA,1,00-005-0099,1,NA,0,NA,0,NA,0,NA,0,NA,0,NA,0,NA,0,NA,0,NA,0,NA,0,NA,0,NA
47,2A-27Y-1-48-51,0,NA,0,NA,3,01-071-3699,0,NA,0,NA,2,NA,1,00-009-0478,0,NA,1,NA,0,NA,0,NA,1,NA,0,NA,0,NA,0,NA,0,NA,0,NA,0,NA,0,NA,0,NA,0,NA,0,NA,0,NA,0,NA,0,NA,0,NA,0,NA,0,NA
48,2A-27Y-1-71-73-TUFF,0,NA,0,NA,3,01-072-4582,0,NA,0,NA,2,01-086-0439,0,NA,0,NA,1,NA,1,NA,0,NA,0,NA,0,NA,0,NA,0,NA,0,NA,0,NA,0,NA,0,NA,0,NA,0,NA,2,NA,0,NA,0,NA,0,NA,0,NA,1,Augite,0,NA
49,2A-27Y-1-80-83,0,NA,0,NA,3,00-005-0586,0,NA,1,NA,2,NA,0,NA,0,NA,1,00-012-0204,1,NA,0,NA,0,NA,0,NA,0,NA,0,NA,0,NA,0,NA,0,NA,0,NA,0,NA,0,NA,0,NA,0,NA,0,NA,0,NA,0,NA,1,Augite,0,NA
50,2A-27Y-2-16-19,0,NA,0,NA,2,01-071-3699,0,NA,0,NA,3,NA,0,NA,0,NA,1,NA,1,00-009-0343,0,NA,0,NA,1,NA,0,NA,0,NA,0,NA,0,NA,0,NA,0,NA,0,NA,0,NA,0,NA,0,NA,0,NA,0,NA,0,NA,0,NA,0,NA
51,2A-27Y-2-48-51,1,NA,0,NA,3,01-071-3699,0,NA,0,NA,2,01-086-0439,0,NA,0,NA,2,NA,1,NA,0,NA,0,NA,0,NA,0,NA,0,NA,0,NA,0,NA,0,NA,0,NA,0,NA,0,NA,0,NA,0,NA,0,NA,0,NA,0,NA,0,NA,0,NA
52,2A-27Y-2-80-83,0,NA,1,NA,3,NA,0,NA,0,NA,2,NA,0,NA,0,NA,2,00-003-0015,1,NA,0,NA,0,NA,0,NA,0,NA,0,NA,1,00-020-0688,0,NA,0,NA,0,NA,0,NA,0,NA,0,NA,0,NA,0,NA,0,NA,0,NA,0,NA,0,NA
53,2A-27Y-3-6-8,0,NA,0,NA,3,01-071-3699,0,NA,0,NA,2,NA,0,NA,0,NA,3,NA,1,NA,0,NA,0,NA,0,NA,0,NA,0,NA,0,NA,0,NA,0,NA,0,NA,0,NA,0,NA,0,NA,0,NA,0,NA,0,NA,0,NA,0,NA,0,NA
54,2A-28Y-1-16-19,0,NA,0,NA,3,NA,0,NA,0,NA,2,NA,0,NA,0,NA,2,NA,2,NA,0,NA,0,NA,0,NA,0,NA,0,NA,0,NA,0,NA,0,NA,0,NA,0,NA,0,NA,0,NA,0,NA,0,NA,0,NA,0,NA,0,NA,0,NA
55,2A-28Y-1-48-50,0,NA,0,NA,3,01-072-4582,0,NA,0,NA,0,NA,0,NA,0,NA,1,00-012-0204,0,NA,0,NA,0,NA,0,NA,0,NA,0,NA,1,00-005-0099,1,NA,0,NA,0,NA,0,NA,0,NA,0,NA,0,NA,0,NA,0,NA,0,NA,0,NA,0,NA
56,2A-29Y-1-16-19-TUFF,1,NA,0,NA,0,NA,0,NA,1,NA,2,NA,2,NA,0,NA,1,NA,1,00-025-0001,0,NA,0,NA,0,NA,0,NA,0,NA,0,NA,0,NA,2,01-073-1419,0,NA,0,NA,0,NA,0,NA,0,NA,0,NA,0,NA,0,NA,0,NA,0,NA
57,2A-29Y-1-48-51,0,NA,0,NA,3,01-071-3699,0,NA,3,NA,1,01-086-0439,1,01-076-0803,0,NA,2,00-012-0204,0,NA,0,NA,0,NA,0,NA,0,NA,0,NA,0,NA,0,NA,1,NA,0,NA,0,NA,0,NA,0,NA,0,NA,0,NA,0,NA,0,NA,0,NA,0,NA
58,2A-29Y-1-80-83,0,NA,0,NA,3,00-005-0586,0,NA,0,NA,0,NA,1,01-075-1630,0,NA,2,NA,0,NA,0,NA,0,NA,1,NA,1,01-075-1587,0,NA,0,NA,0,NA,1,00-039-1375,0,NA,0,NA,0,NA,2,NA,0,NA,0,NA,0,NA,0,NA,0,NA,0,NA
59,2A-29Y-1-112-115,0,NA,1,NA,3,00-005-0586,0,NA,0,NA,0,NA,0,NA,0,NA,1,00-012-0204,0,NA,0,NA,0,NA,0,NA,0,NA,0,NA,0,NA,0,NA,1,NA,0,NA,0,NA,0,NA,0,NA,0,NA,0,NA,0,NA,0,NA,0,NA,0,NA
60,2A-29Y-1-144-147,0,NA,0,NA,3,00-005-0586,0,NA,0,NA,1,NA,0,NA,0,NA,1,NA,0,NA,0,NA,0,NA,0,NA,0,NA,0,NA,0,NA,0,NA,0,NA,0,NA,0,NA,0,NA,0,NA,0,NA,0,NA,0,NA,0,NA,0,NA,0,NA
61,2A-29Y-2-16-19,0,NA,0,NA,3,01-072-4582,0,NA,0,NA,1,NA,1,01-076-0803,0,NA,2,00-012-0204,1,00-009-0343,0,NA,0,NA,0,NA,0,NA,0,NA,0,NA,0,NA,2,01-073-1419,0,NA,0,NA,0,NA,0,NA,0,NA,0,NA,0,NA,0,NA,0,NA,0,NA
62,2A-29Y-2-48-51,2,NA,0,NA,3,01-071-3699,0,NA,0,NA,2,01-086-0439,2,NA,0,NA,2,NA,2,00-009-0343,1,NA,0,NA,0,NA,0,NA,0,NA,1,NA,0,NA,0,NA,0,NA,0,NA,0,NA,0,NA,0,NA,0,NA,0,NA,0,NA,0,NA,0,NA
63,2A-29Y-2-80-83,2,NA,0,NA,3,01-072-4582,0,NA,0,NA,1,NA,0,NA,0,NA,1,NA,0,NA,0,NA,0,NA,0,NA,0,NA,0,NA,1,NA,1,NA,0,NA,0,NA,0,NA,0,NA,0,NA,0,NA,0,NA,0,NA,0,NA,0,NA,0,NA
64,2A-29Y-2-112-115,2,NA,0,NA,3,NA,0,NA,0,NA,1,NA,1,NA,0,NA,2,00-012-0204,0,NA,0,NA,0,NA,0,NA,0,NA,0,NA,0,NA,0,NA,1,NA,0,NA,0,NA,0,NA,1,NA,0,NA,0,NA,0,NA,0,NA,0,NA,0,NA
65,2A-29Y-2-144-147,0,NA,0,NA,3,00-005-0586,0,NA,0,NA,2,01-086-0439,0,NA,0,NA,1,NA,0,NA,0,NA,0,NA,0,NA,0,NA,0,NA,0,NA,0,NA,1,00-039-1375,0,NA,0,NA,1,NA,1,01-083-1657,0,NA,0,NA,0,NA,0,NA,0,NA,0,NA
66,2A-30Y-1-5-8,0,NA,0,NA,3,01-071-3699,0,NA,0,NA,2,NA,0,NA,0,NA,1,NA,1,00-009-0343,1,NA,0,NA,0,NA,0,NA,0,NA,0,NA,0,NA,0,NA,0,NA,0,NA,0,NA,0,NA,0,NA,0,NA,0,NA,0,NA,1,Diopside,0,NA
67,2A-30Y-1-48-51,1,00-002-0417,0,NA,3,01-071-3699,0,NA,1,01-079-1345,1,01-086-0439,0,NA,0,NA,2,00-012-0204,1,00-009-0343,0,NA,0,NA,0,NA,0,NA,0,NA,0,NA,0,NA,1,NA,0,NA,2,NA,0,NA,0,NA,0,NA,0,NA,0,NA,0,NA,0,NA,0,NA
68,2A-30Y-1-80-83,0,NA,0,NA,0,NA,0,NA,0,NA,3,NA,2,00-009-0478,0,NA,1,NA,0,NA,1,01-071-3840,0,NA,0,NA,1,NA,0,NA,0,NA,1,NA,0,NA,0,NA,0,NA,0,NA,0,NA,0,NA,0,NA,0,NA,0,NA,2,Augite,0,NA
69,2A-30Y-1-107-110,1,NA,0,NA,0,NA,0,NA,0,NA,1,NA,2,NA,0,NA,1,00-012-0204,0,NA,0,NA,0,NA,0,NA,0,NA,0,NA,0,NA,0,NA,3,00-046-1427,0,NA,0,NA,0,NA,0,NA,0,NA,0,NA,0,NA,0,NA,0,NA,0,NA
70,2A-30Y-2-16-19,2,NA,0,NA,3,00-005-0586,0,NA,0,NA,0,NA,0,NA,0,NA,2,00-003-0015,0,NA,0,NA,1,NA,0,NA,0,NA,0,NA,0,NA,0,NA,1,NA,0,NA,0,NA,0,NA,0,NA,0,NA,0,NA,0,NA,0,NA,2,Microcline,0,NA
71,2A-30Y-2-48-51,0,NA,0,NA,1,00-005-0586,0,NA,0,NA,2,01-086-0439,0,NA,0,NA,2,00-012-0204,0,NA,0,NA,0,NA,0,NA,0,NA,0,NA,0,NA,0,NA,2,01-073-1419,0,NA,0,NA,0,NA,0,NA,0,NA,0,NA,0,NA,0,NA,0,NA,0,NA
72,2A-30Y-2-83-86,0,NA,0,NA,3,01-071-3699,0,NA,0,NA,0,NA,0,NA,0,NA,2,NA,2,00-009-0343,0,NA,0,NA,0,NA,0,NA,0,NA,0,NA,0,NA,0,NA,0,NA,0,NA,1,NA,3,01-087-0684,0,NA,0,NA,0,NA,0,NA,0,NA,0,NA
73,2A-30Y-2-112-115,0,NA,0,NA,2,01-071-3699,0,NA,0,NA,2,NA,2,01-076-0803,0,NA,1,NA,0,NA,0,NA,0,NA,0,NA,0,NA,0,NA,0,NA,0,NA,0,NA,0,NA,0,NA,0,NA,0,NA,0,NA,0,NA,0,NA,0,NA,1,Augite,0,NA
74,2A-31Y-1-16-19,0,NA,0,NA,3,01-071-3699,0,NA,0,NA,2,01-086-0439,0,NA,0,NA,1,NA,0,NA,0,NA,0,NA,0,NA,0,NA,0,NA,0,NA,0,NA,0,NA,0,NA,0,NA,0,NA,0,NA,0,NA,0,NA,0,NA,0,NA,0,NA,0,NA
75,2A-31Y-1-48-51,0,NA,0,NA,3,NA,0,NA,0,NA,2,NA,2,01-076-0803,0,NA,1,NA,0,NA,0,NA,0,NA,1,NA,0,NA,0,NA,2,NA,0,NA,0,NA,0,NA,0,NA,0,NA,0,NA,0,NA,0,NA,0,NA,0,NA,0,NA,0,NA
76,2A-31Y-1-80-83,0,NA,0,NA,3,NA,0,NA,1,NA,2,NA,0,NA,0,NA,1,NA,1,00-015-0603,0,NA,2,01-083-1939,0,NA,0,NA,0,NA,0,NA,0,NA,0,NA,0,NA,0,NA,0,NA,0,NA,0,NA,0,NA,0,NA,0,NA,0,NA,0,NA
77,2A-31Y-1-144-146,0,NA,1,NA,0,NA,0,NA,3,01-084-2065,1,NA,1,01-076-0803,0,NA,1,NA,0,NA,0,NA,0,NA,0,NA,0,NA,0,NA,0,NA,0,NA,0,NA,0,NA,0,NA,0,NA,0,NA,0,NA,0,NA,0,NA,0,NA,0,NA,0,NA
78,2A-31Y-2-16-19,0,NA,1,NA,0,NA,0,NA,3,00-036-0426,2,01-086-0439,0,NA,0,NA,1,NA,0,NA,1,01-071-3840,0,NA,0,NA,0,NA,0,NA,0,NA,0,NA,1,00-046-1427,0,NA,0,NA,0,NA,0,NA,0,NA,0,NA,0,NA,0,NA,0,NA,0,NA
79,2A-31Y-2-48-51,0,NA,0,NA,0,NA,0,NA,3,00-036-0426,1,NA,2,00-009-0478,0,NA,1,NA,0,NA,0,NA,0,NA,1,01-089-5401,0,NA,0,NA,0,NA,0,NA,0,NA,0,NA,0,NA,0,NA,0,NA,0,NA,0,NA,0,NA,0,NA,0,NA,0,NA
80,2A-31Y-2-80-83,0,NA,0,NA,3,01-072-4582,0,NA,3,NA,1,NA,2,01-076-0803,0,NA,1,NA,0,NA,0,NA,0,NA,1,NA,0,NA,0,NA,1,NA,0,NA,0,NA,0,NA,0,NA,0,NA,0,NA,0,NA,0,NA,0,NA,0,NA,0,NA,0,NA
81,2A-31-Y2-112-115,0,NA,0,NA,3,01-072-4582,0,NA,0,NA,1,NA,2,01-075-1630,0,NA,2,00-012-0204,0,NA,0,NA,0,NA,0,NA,0,NA,0,NA,0,NA,0,NA,0,NA,0,NA,0,NA,0,NA,0,NA,0,NA,0,NA,0,NA,0,NA,0,NA,0,NA
82,2A-31Y-2-144-147,0,NA,0,NA,3,NA,0,NA,0,NA,1,NA,1,01-076-0803,0,NA,1,NA,1,00-009-0343,0,NA,0,NA,0,NA,0,NA,0,NA,0,NA,0,NA,0,NA,0,NA,0,NA,0,NA,0,NA,0,NA,0,NA,0,NA,0,NA,1,Augite,0,NA
83,2A-32Y-1-16-19,0,NA,1,NA,3,01-071-3699,0,NA,0,NA,2,01-086-0439,3,01-075-1630,0,NA,2,00-003-0015,0,NA,1,NA,0,NA,0,NA,0,NA,0,NA,1,NA,0,NA,0,NA,0,NA,0,NA,0,NA,0,NA,0,NA,0,NA,0,NA,0,NA,0,NA,0,NA
84,2A-32Y-1-48-51,0,NA,0,NA,3,01-071-3699,0,NA,0,NA,2,01-076-0825,0,NA,0,NA,2,00-012-0204,0,NA,1,NA,0,NA,1,NA,0,NA,0,NA,1,00-005-0099,0,NA,0,NA,0,NA,0,NA,0,NA,0,NA,0,NA,0,NA,0,NA,0,NA,0,NA,0,NA
85,2A-32Y-1-80-83,0,NA,0,NA,3,01-071-3699,0,NA,0,NA,1,NA,2,NA,0,NA,1,00-012-0204,1,00-009-0343,0,NA,0,NA,0,NA,0,NA,0,NA,0,NA,0,NA,0,NA,0,NA,0,NA,0,NA,0,NA,0,NA,0,NA,0,NA,0,NA,1,Wustite,0,NA
86,2A-32Y-1-112-115,0,NA,0,NA,3,01-071-3699,0,NA,0,NA,2,NA,1,01-076-0803,0,NA,1,NA,0,NA,0,NA,0,NA,0,NA,0,NA,0,NA,1,NA,0,NA,1,NA,0,NA,0,NA,0,NA,0,NA,0,NA,0,NA,0,NA,0,NA,0,NA,0,NA
87,2A-32Y-1-144-147,0,NA,0,NA,3,01-071-3699,0,NA,0,NA,0,NA,0,NA,0,NA,1,NA,0,NA,0,NA,0,NA,0,NA,0,NA,0,NA,0,NA,0,NA,1,NA,0,NA,0,NA,0,NA,1,01-087-0684,0,NA,0,NA,0,NA,0,NA,0,NA,0,NA
88,2A-32Y-2-16-19,0,NA,0,NA,2,01-071-3699,0,NA,0,NA,0,NA,3,NA,0,NA,1,NA,0,NA,0,NA,0,NA,0,NA,0,NA,0,NA,0,NA,0,NA,1,NA,0,NA,0,NA,0,NA,0,NA,0,NA,0,NA,0,NA,0,NA,0,NA,0,NA
89,2A-32Y-2-48-51,0,NA,0,NA,3,01-071-3699,0,NA,0,NA,1,NA,0,NA,0,NA,1,NA,0,NA,0,NA,0,NA,0,NA,0,NA,0,NA,0,NA,0,NA,2,NA,0,NA,1,NA,1,NA,1,01-087-0684,0,NA,0,NA,0,NA,0,NA,0,NA,0,NA
90,2A-32Y-2-80-83,0,NA,0,NA,3,01-071-3699,0,NA,0,NA,2,NA,0,NA,0,NA,2,00-012-0204,0,NA,0,NA,0,NA,0,NA,0,NA,0,NA,1,00-005-0099,0,NA,1,NA,0,NA,0,NA,0,NA,0,NA,0,NA,0,NA,0,NA,0,NA,0,NA,0,NA
91,2A-32Y-2-112-114,2,NA,0,NA,3,01-071-3699,0,NA,0,NA,0,NA,0,NA,0,NA,1,NA,0,NA,0,NA,0,NA,0,NA,0,NA,0,NA,0,NA,0,NA,0,NA,0,NA,0,NA,0,NA,0,NA,0,NA,0,NA,0,NA,0,NA,0,NA,0,NA
92,2A-32Y-2-128-131,1,NA,0,NA,3,NA,0,NA,1,01-079-1345,1,NA,0,NA,0,NA,2,00-012-0204,0,NA,1,NA,1,NA,0,NA,0,NA,0,NA,1,NA,0,NA,0,NA,0,NA,0,NA,0,NA,0,NA,0,NA,0,NA,0,NA,0,NA,0,NA,0,NA
93,2A-32Y-2-144-147,0,NA,0,NA,3,01-071-3699,0,NA,0,NA,1,01-076-0825,1,01-076-0803,0,NA,1,00-012-0204,0,NA,0,NA,0,NA,0,NA,0,NA,0,NA,0,NA,0,NA,0,NA,0,NA,1,NA,0,NA,0,NA,0,NA,0,NA,0,NA,0,NA,1,Mordenite,0,NA
94,2A-33Y-1-16-19,0,NA,0,NA,3,NA,0,NA,0,NA,0,NA,0,NA,0,NA,1,NA,0,NA,0,NA,1,00-041-1480,0,NA,0,NA,0,NA,0,NA,0,NA,0,NA,0,NA,1,NA,0,NA,0,NA,0,NA,0,NA,0,NA,0,NA,0,NA,0,NA
95,2A-33Y-1-48-51,0,NA,1,NA,3,NA,0,NA,1,NA,1,NA,0,NA,0,NA,2,00-012-0204,0,NA,0,NA,0,NA,0,NA,0,NA,0,NA,0,NA,0,NA,1,NA,1,00-025-0855,0,NA,0,NA,0,NA,1,NA,0,NA,0,NA,0,NA,0,NA,0,NA
96,2A-33Y-1-82-85,0,NA,0,NA,3,NA,0,NA,0,NA,0,NA,0,NA,0,NA,2,00-003-0015,1,NA,0,NA,0,NA,2,NA,1,NA,0,NA,0,NA,0,NA,1,NA,0,NA,0,NA,0,NA,1,01-083-1657,0,NA,0,NA,0,NA,0,NA,0,NA,0,NA
97,2A-33Y-1-112-115,0,NA,0,NA,3,NA,0,NA,0,NA,1,NA,0,NA,0,NA,1,00-012-0204,0,NA,1,00-042-1340,1,NA,0,NA,0,NA,0,NA,0,NA,0,NA,0,NA,0,NA,0,NA,0,NA,0,NA,0,NA,0,NA,0,NA,0,NA,0,NA,0,NA
98,2A-33Y-1-144-147,0,NA,0,NA,3,NA,0,NA,0,NA,1,01-076-0825,0,NA,0,NA,1,NA,0,NA,0,NA,0,NA,0,NA,0,NA,0,NA,0,NA,0,NA,0,NA,0,NA,0,NA,0,NA,0,NA,0,NA,0,NA,0,NA,0,NA,0,NA,0,NA
99,2A-33Y-2-16-19,0,NA,0,NA,3,00-005-0586,0,NA,0,NA,1,NA,0,NA,0,NA,1,00-012-0204,1,00-009-0343,0,NA,0,NA,0,NA,1,00-020-0528,0,NA,0,NA,0,NA,0,NA,0,NA,0,NA,0,NA,0,NA,0,NA,0,NA,0,NA,0,NA,0,NA,0,NA
100,2A-33Y-2-48-51,0,NA,0,NA,3,00-005-0586,2,00-041-1475,1,01-079-1345,2,01-086-0439,0,NA,0,NA,2,00-012-0204,0,NA,1,NA,0,NA,0,NA,1,00-020-0528,0,NA,0,NA,0,NA,0,NA,0,NA,0,NA,0,NA,0,NA,0,NA,0,NA,0,NA,0,NA,0,NA,0,NA
101,2A-33Y-2-80-83,0,NA,0,NA,0,NA,0,NA,3,NA,1,NA,0,NA,0,NA,0,NA,0,NA,0,NA,1,NA,0,NA,0,NA,0,NA,0,NA,1,00-053-1177,0,NA,0,NA,0,NA,0,NA,0,NA,0,NA,0,NA,0,NA,0,NA,0,NA,0,NA
102,2A-33Y-2-118-121,0,NA,0,NA,3,00-005-0586,0,NA,0,NA,2,NA,0,NA,0,NA,1,00-012-0204,0,NA,0,NA,0,NA,0,NA,1,00-020-0528,0,NA,0,NA,0,NA,0,NA,0,NA,0,NA,1,NA,0,NA,0,NA,0,NA,0,NA,0,NA,0,NA,0,NA
103,2A-33Y-2-144-147,1,NA,0,NA,3,NA,0,NA,0,NA,0,NA,0,NA,0,NA,1,00-003-0015,1,NA,0,NA,0,NA,0,NA,0,NA,0,NA,0,NA,0,NA,0,NA,0,NA,0,NA,0,NA,1,NA,0,NA,1,NA,0,NA,0,NA,0,NA,0,NA
104,2A-34Y-1-16-19,0,NA,0,NA,3,00-005-0586,0,NA,0,NA,2,NA,0,NA,0,NA,2,00-003-0015,1,00-015-0603,0,NA,0,NA,0,NA,2,01-075-1587,0,NA,0,NA,0,NA,0,NA,0,NA,0,NA,0,NA,0,NA,0,NA,1,01-074-1433,0,NA,0,NA,0,NA,0,NA
105,2A-34Y-1-48-51,0,NA,1,NA,3,NA,0,NA,0,NA,1,NA,0,NA,0,NA,1,NA,0,NA,1,01-071-3840,1,NA,0,NA,0,NA,0,NA,0,NA,0,NA,0,NA,0,NA,0,NA,0,NA,0,NA,0,NA,0,NA,0,NA,0,NA,0,NA,0,NA
106,2A-34Y-1-80-83,0,NA,0,NA,3,NA,0,NA,0,NA,1,NA,0,NA,0,NA,1,00-003-0015,1,00-009-0343,0,NA,1,01-083-1939,0,NA,0,NA,0,NA,0,NA,0,NA,1,NA,0,NA,0,NA,0,NA,0,NA,0,NA,0,NA,0,NA,0,NA,0,NA,0,NA
107,2A-34Y-1-112-115,0,NA,1,NA,3,NA,0,NA,0,NA,1,NA,0,NA,0,NA,1,NA,0,NA,1,01-071-0053,0,NA,0,NA,0,NA,0,NA,0,NA,0,NA,2,01-073-1419,1,00-012-0687,0,NA,0,NA,0,NA,0,NA,0,NA,0,NA,0,NA,0,NA,0,NA
108,2A-34Y-2-16-19,0,NA,0,NA,3,NA,0,NA,0,NA,1,NA,0,NA,0,NA,1,00-012-0204,0,NA,0,NA,1,NA,0,NA,0,NA,0,NA,0,NA,0,NA,1,01-073-1419,0,NA,0,NA,0,NA,1,NA,0,NA,0,NA,0,NA,0,NA,0,NA,0,NA
109,2A-34Y-2-85-88,0,NA,1,NA,3,NA,0,NA,0,NA,1,NA,0,NA,0,NA,2,00-012-0204,0,NA,0,NA,1,01-089-6423,0,NA,0,NA,0,NA,0,NA,1,NA,2,NA,0,NA,0,NA,0,NA,0,NA,0,NA,0,NA,0,NA,0,NA,0,NA,0,NA
110,2A-34Y-2-118-121,0,NA,0,NA,3,00-005-0586,0,NA,0,NA,1,NA,0,NA,0,NA,2,00-012-0204,0,NA,0,NA,0,NA,0,NA,2,NA,0,NA,0,NA,0,NA,1,01-073-1419,0,NA,0,NA,0,NA,0,NA,0,NA,0,NA,0,NA,0,NA,0,NA,0,NA
111,2A-35Y-1-16-19,0,NA,1,NA,3,01-071-3699,0,NA,1,NA,2,NA,0,NA,0,NA,2,NA,0,NA,0,NA,0,NA,0,NA,0,NA,0,NA,0,NA,0,NA,2,01-073-1419,0,NA,0,NA,0,NA,0,NA,0,NA,1,NA,0,NA,0,NA,1,Kaolinite,0,NA
112,2A-35Y-1-48-51,0,NA,0,NA,3,NA,2,01-075-2230,0,NA,2,01-086-0439,0,NA,0,NA,2,00-012-0204,0,NA,2,NA,0,NA,0,NA,0,NA,0,NA,0,NA,0,NA,1,00-039-1375,0,NA,0,NA,0,NA,0,NA,0,NA,1,01-074-1433,0,NA,0,NA,0,NA,0,NA
113,2A-35Y-1-80-83,0,NA,1,NA,2,NA,2,NA,3,00-036-0426,0,NA,0,NA,0,NA,2,00-003-0015,0,NA,0,NA,1,NA,0,NA,0,NA,0,NA,0,NA,0,NA,1,00-039-1375,0,NA,0,NA,0,NA,0,NA,0,NA,0,NA,0,NA,0,NA,0,NA,0,NA
114,2A-35Y-1-112-115,0,NA,0,NA,3,NA,0,NA,2,01-084-2065,1,NA,0,NA,0,NA,2,00-012-0204,0,NA,0,NA,0,NA,0,NA,0,NA,0,NA,0,NA,0,NA,0,NA,0,NA,0,NA,0,NA,0,NA,0,NA,0,NA,0,NA,0,NA,1,Augite,0,NA
115,2A-35Y-1-144-147,0,NA,0,NA,2,NA,0,NA,3,00-036-0426,1,01-086-0439,0,NA,0,NA,1,NA,0,NA,0,NA,1,01-083-1939,0,NA,0,NA,0,NA,0,NA,0,NA,1,00-039-1375,0,NA,0,NA,0,NA,0,NA,0,NA,1,NA,0,NA,0,NA,0,NA,0,NA
116,2A-35Y-2-16-19,0,NA,0,NA,3,NA,0,NA,2,00-036-0426,1,01-076-0825,0,NA,0,NA,1,NA,0,NA,0,NA,1,01-083-1939,0,NA,0,NA,0,NA,0,NA,0,NA,0,NA,0,NA,0,NA,1,00-039-1379,0,NA,0,NA,0,NA,0,NA,0,NA,0,NA,0,NA
117,2A-35Y-2-48-51,0,NA,0,NA,0,NA,0,NA,3,00-036-0426,1,NA,0,NA,0,NA,1,00-012-0204,0,NA,0,NA,1,NA,0,NA,0,NA,0,NA,0,NA,0,NA,0,NA,0,NA,0,NA,1,NA,0,NA,0,NA,0,NA,0,NA,0,NA,0,NA,0,NA
118,2A-35Y-2-80-83,0,NA,0,NA,0,NA,0,NA,3,00-036-0426,1,NA,0,NA,0,NA,2,00-012-0204,0,NA,0,NA,0,NA,0,NA,1,00-020-0528,0,NA,0,NA,0,NA,0,NA,0,NA,0,NA,0,NA,0,NA,0,NA,0,NA,0,NA,0,NA,0,NA,0,NA
119,2A-35Y-2-112-115,0,NA,0,NA,1,NA,0,NA,3,01-084-2065,1,NA,0,NA,0,NA,2,00-003-0015,0,NA,0,NA,1,NA,0,NA,0,NA,0,NA,0,NA,0,NA,0,NA,0,NA,0,NA,1,01-088-1224,0,NA,0,NA,0,NA,0,NA,0,NA,0,NA,0,NA
120,2A-35Y-2-144-147,0,NA,0,NA,2,NA,0,NA,3,00-036-0426,1,NA,0,NA,0,NA,2,00-012-0204,0,NA,0,NA,1,NA,0,NA,0,NA,0,NA,0,NA,0,NA,0,NA,0,NA,0,NA,0,NA,0,NA,0,NA,0,NA,0,NA,0,NA,1,Jarosite,0,NA
121,2A-36Y-1-16-18,0,NA,1,01-086-1560,2,NA,0,NA,3,NA,0,NA,0,NA,0,NA,2,00-012-0204,0,NA,0,NA,0,NA,0,NA,1,NA,0,NA,0,NA,0,NA,0,NA,0,NA,0,NA,1,NA,0,NA,0,NA,0,NA,0,NA,0,NA,0,NA,0,NA
122,2A-36Y-1-48-51,0,NA,1,01-086-1560,3,NA,0,NA,0,NA,1,NA,0,NA,0,NA,1,00-012-0204,0,NA,0,NA,1,NA,0,NA,0,NA,0,NA,0,NA,0,NA,0,NA,0,NA,0,NA,0,NA,0,NA,0,NA,0,NA,0,NA,0,NA,0,NA,0,NA
123,2A-36Y-1-80-83,0,NA,1,NA,3,NA,0,NA,0,NA,1,NA,0,NA,0,NA,2,00-012-0204,1,NA,0,NA,1,NA,0,NA,0,NA,0,NA,0,NA,0,NA,0,NA,0,NA,0,NA,0,NA,0,NA,0,NA,0,NA,0,NA,0,NA,0,NA,0,NA
124,2A-36Y-1-112-115,0,NA,0,NA,3,NA,0,NA,0,NA,1,01-086-0439,0,NA,0,NA,1,NA,1,NA,0,NA,0,NA,1,NA,1,NA,0,NA,0,NA,0,NA,0,NA,0,NA,0,NA,0,NA,0,NA,0,NA,0,NA,0,NA,0,NA,0,NA,0,NA
125,2A-36Y-1-144-147,0,NA,0,NA,3,NA,0,NA,0,NA,1,NA,0,NA,0,NA,1,00-012-0204,0,NA,0,NA,0,NA,0,NA,0,NA,0,NA,0,NA,0,NA,0,NA,0,NA,0,NA,0,NA,0,NA,0,NA,0,NA,0,NA,0,NA,0,NA,0,NA
126,2A-36Y-2-48-50,0,NA,0,NA,3,NA,0,NA,0,NA,1,01-086-0439,0,NA,0,NA,1,NA,2,NA,0,NA,1,01-083-1939,0,NA,0,NA,0,NA,0,NA,0,NA,0,NA,0,NA,0,NA,0,NA,0,NA,0,NA,1,NA,0,NA,0,NA,0,NA,0,NA
127,2A-36Y-2-80-83,0,NA,0,NA,3,NA,0,NA,2,01-084-2065,0,NA,0,NA,0,NA,0,NA,1,NA,0,NA,2,01-083-1939,0,NA,2,00-020-0528,0,NA,0,NA,0,NA,0,NA,0,NA,0,NA,0,NA,0,NA,0,NA,1,01-074-1433,0,NA,0,NA,0,NA,0,NA
128,2A-36Y-2-16-18,0,NA,0,NA,3,NA,0,NA,0,NA,0,NA,0,NA,0,NA,1,NA,1,NA,0,NA,0,NA,0,NA,1,NA,0,NA,0,NA,0,NA,0,NA,0,NA,0,NA,0,NA,0,NA,0,NA,0,NA,0,NA,0,NA,0,NA,0,NA
129,2A-36Y-2-109-111,0,NA,0,NA,3,NA,0,NA,2,00-036-0426,1,01-086-0439,0,NA,0,NA,1,00-012-0204,0,NA,1,00-042-1340,0,NA,0,NA,2,NA,0,NA,0,NA,0,NA,1,01-073-1419,0,NA,0,NA,0,NA,0,NA,0,NA,1,NA,0,NA,0,NA,0,NA,0,NA
130,2A-36Y-2-140-142,0,NA,1,NA,1,NA,0,NA,1,01-084-2065,0,NA,0,NA,0,NA,3,NA,0,NA,1,00-042-1340,0,NA,0,NA,1,00-020-0528,0,NA,0,NA,0,NA,0,NA,0,NA,0,NA,0,NA,0,NA,0,NA,1,NA,0,NA,0,NA,0,NA,0,NA
131,2A-37Y-1-16-19,0,NA,0,NA,3,NA,0,NA,0,NA,1,NA,0,NA,0,NA,1,00-012-0204,0,NA,1,00-042-1340,1,NA,0,NA,0,NA,0,NA,0,NA,0,NA,0,NA,0,NA,0,NA,0,NA,0,NA,0,NA,2,01-074-1433,0,NA,0,NA,0,NA,0,NA
132,2A-40Y-1-44-47,0,NA,0,NA,0,NA,0,NA,0,NA,0,NA,3,00-009-0478,0,NA,1,NA,0,NA,0,NA,0,NA,0,NA,0,NA,0,NA,0,NA,0,NA,0,NA,0,NA,0,NA,1,NA,0,NA,0,NA,0,NA,0,NA,0,NA,0,NA,0,NA
133,2A-46Y-1-54-57,0,NA,1,01-086-1560,1,NA,0,NA,0,NA,1,NA,0,NA,0,NA,0,NA,0,NA,0,NA,3,01-089-6423,0,NA,0,NA,0,NA,0,NA,1,NA,0,NA,0,NA,0,NA,2,01-088-1224,0,NA,0,NA,0,NA,0,NA,0,NA,0,NA,0,NA
134,2A-47Y-1-61-64,0,NA,0,NA,0,NA,0,NA,1,NA,0,NA,2,01-076-0803,0,NA,1,NA,0,NA,1,00-042-1340,0,NA,0,NA,2,01-075-1587,0,NA,0,NA,2,NA,0,NA,0,NA,0,NA,1,NA,0,NA,0,NA,0,NA,0,NA,0,NA,0,NA,0,NA
135,2A-47Y-2-5-8,0,NA,0,NA,1,NA,0,NA,0,NA,1,01-086-0439,0,NA,0,NA,1,NA,0,NA,1,00-042-1340,1,01-089-6423,0,NA,0,NA,0,NA,0,NA,0,NA,1,00-046-1427,0,NA,0,NA,1,NA,0,NA,0,NA,0,NA,0,NA,0,NA,0,NA,0,NA
136,2A-48Y-1-81-84,0,NA,0,NA,1,NA,0,NA,0,NA,1,NA,1,01-076-0803,0,NA,1,00-012-0204,0,NA,0,NA,1,NA,0,NA,0,NA,0,NA,0,NA,1,00-034-0137,1,00-046-1427,0,NA,0,NA,0,NA,0,NA,0,NA,0,NA,0,NA,0,NA,0,NA,0,NA
137,2A-48Y-1-73-76,0,NA,0,NA,0,NA,0,NA,0,NA,1,NA,0,NA,0,NA,1,00-012-0204,0,NA,0,NA,1,NA,0,NA,0,NA,0,NA,0,NA,1,00-034-0137,1,NA,0,NA,0,NA,0,NA,0,NA,0,NA,0,NA,0,NA,0,NA,0,NA,0,NA
138,2A-49Y-1-119-122,1,NA,1,01-086-1560,1,NA,0,NA,1,01-084-2065,0,NA,0,NA,0,NA,0,NA,0,NA,0,NA,2,NA,0,NA,1,00-018-1202,0,NA,0,NA,0,NA,0,NA,0,NA,0,NA,0,NA,0,NA,0,NA,0,NA,0,NA,0,NA,1,Hematite,0,NA
139,2A-49Y-2-5-8,0,NA,0,NA,0,NA,1,NA,0,NA,0,NA,0,NA,0,NA,0,NA,0,NA,0,NA,0,NA,1,NA,1,00-020-0528,0,NA,0,NA,1,NA,1,NA,0,NA,0,NA,0,NA,0,NA,0,NA,0,NA,0,NA,0,NA,0,NA,0,NA
140,2A-50Y-1-2-5,0,NA,1,NA,0,NA,0,NA,0,NA,0,NA,0,NA,0,NA,0,NA,0,NA,0,NA,0,NA,1,NA,0,NA,0,NA,0,NA,3,NA,3,NA,0,NA,0,NA,0,NA,0,NA,0,NA,0,NA,0,NA,0,NA,0,NA,0,NA
141,2A-50Y-1-49-52,0,NA,1,NA,0,NA,0,NA,0,NA,0,NA,0,NA,0,NA,0,NA,0,NA,0,NA,0,NA,0,NA,0,NA,0,NA,0,NA,0,NA,0,NA,0,NA,0,NA,0,NA,0,NA,0,NA,0,NA,0,NA,0,NA,1,Clay,0,NA
142,2A-50Y-2-22-25,1,NA,0,NA,0,NA,0,NA,0,NA,0,NA,1,00-009-0478,0,NA,0,NA,0,NA,0,NA,0,NA,0,NA,0,NA,0,NA,0,NA,2,00-034-0137,2,00-046-1427,0,NA,0,NA,0,NA,0,NA,0,NA,0,NA,0,NA,1,NA,0,NA,0,NA
143,2A-50Y-2-98-101,2,NA,0,NA,0,NA,0,NA,0,NA,0,NA,2,00-009-0478,0,NA,0,NA,0,NA,0,NA,0,NA,0,NA,0,NA,0,NA,0,NA,3,NA,2,NA,1,00-012-0687,0,NA,0,NA,0,NA,0,NA,0,NA,0,NA,0,NA,0,NA,0,NA
144,2A-50Y-2-139-142,0,NA,0,NA,0,NA,0,NA,0,NA,0,NA,2,00-009-0478,0,NA,1,NA,0,NA,0,NA,0,NA,0,NA,0,NA,0,NA,0,NA,3,00-034-0137,2,00-039-1375,0,NA,0,NA,0,NA,0,NA,0,NA,0,NA,0,NA,0,NA,0,NA,0,NA
145,2A-51Y-1-9-12,0,NA,0,NA,0,NA,0,NA,0,NA,0,NA,0,NA,0,NA,0,NA,0,NA,0,NA,0,NA,0,NA,0,NA,0,NA,0,NA,3,00-034-0137,2,01-073-1419,0,NA,0,NA,0,NA,0,NA,0,NA,0,NA,0,NA,0,NA,0,NA,0,NA
146,2A-51Y-1-45-48,1,NA,0,NA,0,NA,0,NA,0,NA,0,NA,0,NA,0,NA,0,NA,0,NA,0,NA,2,NA,1,NA,0,NA,0,NA,0,NA,2,01-073-1548,0,NA,0,NA,0,NA,3,NA,0,NA,0,NA,1,01-074-1433,0,NA,0,NA,0,NA,0,NA
147,2A-51Y-1-48-51,0,NA,0,NA,0,NA,0,NA,0,NA,0,NA,1,00-009-0478,0,NA,1,00-002-0037,0,NA,0,NA,0,NA,0,NA,0,NA,0,NA,0,NA,1,00-034-0137,0,NA,0,NA,0,NA,2,NA,0,NA,0,NA,0,NA,0,NA,0,NA,0,NA,0,NA
148,2A-51Y-1-72-74,0,NA,0,NA,0,NA,0,NA,0,NA,0,NA,2,00-009-0478,0,NA,0,NA,0,NA,0,NA,0,NA,0,NA,0,NA,0,NA,0,NA,2,NA,0,NA,0,NA,0,NA,2,NA,0,NA,0,NA,0,NA,0,NA,0,NA,0,NA,0,NA
149,2A-52Y-1-80-83,0,NA,1,NA,0,NA,0,NA,0,NA,0,NA,2,01-076-0803,0,NA,0,NA,0,NA,0,NA,2,NA,0,NA,0,NA,0,NA,0,NA,2,NA,0,NA,0,NA,0,NA,2,NA,0,NA,0,NA,0,NA,0,NA,0,NA,1,Kaolinite,0,NA
150,2A-52Y-2-70-73,0,NA,0,NA,0,NA,0,NA,0,NA,0,NA,3,00-009-0478,0,NA,0,NA,0,NA,0,NA,0,NA,0,NA,0,NA,0,NA,0,NA,2,NA,0,NA,0,NA,0,NA,2,NA,0,NA,0,NA,0,NA,0,NA,0,NA,0,NA,0,NA
151,2A-52Y-2-90-93,1,NA,0,NA,0,NA,0,NA,0,NA,0,NA,0,NA,0,NA,0,NA,0,NA,0,NA,0,NA,0,NA,0,NA,0,NA,0,NA,2,00-034-0137,0,NA,0,NA,0,NA,2,00-039-1379,0,NA,0,NA,0,NA,0,NA,0,NA,0,NA,0,NA
152,2A-53Y-1-108-111,0,NA,0,NA,0,NA,0,NA,0,NA,0,NA,0,NA,0,NA,0,NA,0,NA,0,NA,0,NA,0,NA,0,NA,0,NA,0,NA,2,NA,2,01-073-1419,0,NA,0,NA,2,NA,0,NA,0,NA,0,NA,0,NA,0,NA,0,NA,0,NA
153,2A-53Y-2-38-41,0,NA,0,NA,0,NA,0,NA,0,NA,0,NA,0,NA,0,NA,0,NA,0,NA,0,NA,0,NA,0,NA,0,NA,0,NA,0,NA,2,00-034-0137,0,NA,0,NA,0,NA,2,NA,1,00-010-0357,0,NA,0,NA,0,NA,0,NA,0,NA,0,NA
154,2A-53Y-2-92-95,0,NA,1,01-086-1560,2,NA,0,NA,0,NA,0,NA,2,NA,0,NA,0,NA,0,NA,0,NA,0,NA,0,NA,0,NA,0,NA,0,NA,3,NA,0,NA,0,NA,0,NA,2,00-039-1379,0,NA,0,NA,0,NA,0,NA,0,NA,0,NA,0,NA
155,2A-53Y-2-112-115,0,NA,0,NA,2,NA,0,NA,0,NA,0,NA,0,NA,0,NA,0,NA,0,NA,0,NA,0,NA,0,NA,0,NA,0,NA,0,NA,3,00-034-0137,0,NA,0,NA,0,NA,2,NA,0,NA,0,NA,2,NA,0,NA,0,NA,0,NA,0,NA
156,2A-54Y-1-4-7,0,NA,0,NA,0,NA,0,NA,0,NA,0,NA,0,NA,0,NA,0,NA,0,NA,0,NA,0,NA,0,NA,0,NA,0,NA,0,NA,3,NA,0,NA,0,NA,0,NA,3,NA,0,NA,0,NA,0,NA,0,NA,0,NA,0,NA,0,NA
157,2A-54Y-1-106-109,0,NA,0,NA,0,NA,0,NA,0,NA,1,NA,0,NA,0,NA,0,NA,0,NA,0,NA,2,NA,0,NA,0,NA,0,NA,0,NA,3,00-034-0137,1,01-073-1419,0,NA,0,NA,2,NA,0,NA,0,NA,0,NA,0,NA,0,NA,0,NA,0,NA
158,2A-54Y-2-17-20,0,NA,0,NA,0,NA,0,NA,0,NA,0,NA,0,NA,0,NA,1,00-012-0204,0,NA,0,NA,0,NA,0,NA,0,NA,0,NA,0,NA,1,00-034-0137,3,01-073-1419,0,NA,0,NA,0,NA,0,NA,0,NA,0,NA,0,NA,0,NA,0,NA,0,NA
159,2A-55Y-2-4-7,0,NA,1,00-052-0144,0,NA,0,NA,0,NA,0,NA,0,NA,0,NA,0,NA,0,NA,0,NA,0,NA,0,NA,0,NA,0,NA,0,NA,0,NA,3,01-073-1419,0,NA,0,NA,2,01-088-1224,0,NA,0,NA,0,NA,0,NA,0,NA,0,NA,0,NA
160,2A-56Y-1-149-152,0,NA,2,00-052-0144,0,NA,0,NA,0,NA,0,NA,2,01-076-0803,0,NA,1,NA,0,NA,0,NA,0,NA,0,NA,0,NA,0,NA,0,NA,3,NA,0,NA,0,NA,0,NA,2,00-039-1379,0,NA,0,NA,0,NA,0,NA,0,NA,0,NA,0,NA
161,2A-56Y-2-100-103,0,NA,0,NA,0,NA,0,NA,0,NA,0,NA,3,01-076-0803,0,NA,0,NA,0,NA,0,NA,0,NA,0,NA,0,NA,0,NA,0,NA,2,00-034-0137,0,NA,0,NA,0,NA,2,NA,0,NA,0,NA,0,NA,0,NA,0,NA,0,NA,0,NA
162,2A-60Y-1-87-90,0,NA,0,NA,0,NA,0,NA,0,NA,0,NA,0,NA,0,NA,0,NA,0,NA,0,NA,0,NA,0,NA,1,00-020-0528,0,NA,0,NA,1,NA,0,NA,0,NA,0,NA,3,00-039-1379,0,NA,0,NA,0,NA,0,NA,0,NA,0,,0,
163,2A-60Y-1-136-138,0,NA,0,NA,0,NA,0,NA,0,NA,0,NA,2,NA,0,NA,1,00-002-0037,0,NA,0,NA,0,NA,1,NA,0,NA,0,NA,0,NA,0,NA,3,01-073-1419,0,NA,0,NA,1,NA,0,NA,0,NA,0,NA,0,NA,0,NA,0,NA,0,NA
164,2A-60-2-8-11,0,NA,0,NA,0,NA,0,NA,0,NA,0,NA,0,NA,0,NA,0,NA,0,NA,0,NA,0,NA,0,NA,1,NA,0,NA,0,NA,1,00-053-1177,3,01-073-1419,0,NA,0,NA,1,NA,0,NA,0,NA,0,NA,0,NA,0,NA,0,NA,0,NA
165,2A-60Y-2-51-54,0,NA,0,NA,0,NA,0,NA,0,NA,0,NA,0,NA,0,NA,0,NA,0,NA,0,NA,2,01-089-6423,0,NA,0,NA,0,NA,0,NA,2,NA,3,01-073-1419,0,NA,0,NA,1,01-088-1224,0,NA,0,NA,0,NA,0,NA,0,NA,0,NA,0,NA
166,2A-61Y-2-8-10,2,00-041-1478,3,NA,0,NA,0,NA,0,NA,0,NA,2,00-009-0478,0,NA,1,NA,0,NA,0,NA,2,00-041-1480,0,NA,0,NA,0,NA,0,NA,0,NA,0,NA,0,NA,0,NA,0,NA,0,NA,0,NA,0,NA,0,NA,0,NA,0,NA,0,NA
167,2A-61Y-2-42-45,0,NA,3,NA,0,NA,0,NA,0,NA,0,NA,0,NA,0,NA,1,NA,0,NA,0,NA,2,NA,1,NA,0,NA,0,NA,0,NA,1,NA,0,NA,0,NA,0,NA,0,NA,1,NA,0,NA,0,NA,0,NA,0,NA,0,NA,0,NA
168,2A-62Y-1-17-20,0,NA,1,NA,0,NA,0,NA,0,NA,1,NA,1,01-076-0803,0,NA,0,NA,2,NA,0,NA,0,NA,0,NA,0,NA,0,NA,0,NA,2,NA,0,NA,0,NA,0,NA,0,NA,0,NA,0,NA,0,NA,0,NA,0,NA,0,NA,0,NA
169,2A-62Y-2-16-18,0,NA,3,01-086-1560,0,NA,0,NA,0,NA,0,NA,2,01-076-0803,0,NA,0,NA,1,NA,0,NA,2,NA,0,NA,0,NA,0,NA,0,NA,2,00-034-0137,0,NA,0,NA,0,NA,0,NA,0,NA,0,NA,0,NA,0,NA,0,NA,0,NA,0,NA
170,2A-62Y-2-48-50,0,NA,1,NA,1,NA,0,NA,0,NA,0,NA,0,NA,0,NA,1,NA,0,NA,0,NA,2,00-041-1480,2,NA,0,NA,0,NA,0,NA,2,00-034-0137,2,00-046-1427,0,NA,0,NA,0,NA,0,NA,0,NA,0,NA,0,NA,0,NA,0,NA,0,NA
171,2A-62Y-2-77-80,0,NA,3,01-086-1560,0,NA,0,NA,0,NA,0,NA,2,00-009-0478,0,NA,1,NA,1,00-015-0603,0,NA,0,NA,1,NA,0,NA,0,NA,0,NA,1,00-034-0137,0,NA,0,NA,0,NA,0,NA,0,NA,0,NA,0,NA,0,NA,0,NA,0,NA,0,NA
172,2A-62Y-2-114-147,0,NA,1,NA,0,NA,0,NA,0,NA,0,NA,0,NA,0,NA,1,NA,2,NA,0,NA,2,NA,1,NA,0,NA,0,NA,0,NA,1,NA,0,NA,0,NA,0,NA,0,NA,2,00-010-0357,0,NA,0,NA,0,NA,0,NA,0,NA,0,NA
173,2A-63Y-1-16-18,2,00-041-1478,0,NA,0,NA,0,NA,0,NA,0,NA,0,NA,0,NA,1,NA,0,NA,0,NA,2,01-083-1939,2,NA,0,NA,0,NA,0,NA,2,00-034-0137,0,NA,0,NA,0,NA,1,NA,0,NA,0,NA,0,NA,0,NA,0,NA,0,NA,0,NA
174,2A-63Y-1-48-50,2,00-041-1478,0,NA,0,NA,0,NA,0,NA,0,NA,0,NA,0,NA,1,NA,0,NA,0,NA,0,NA,0,NA,0,NA,0,NA,2,01-082-1872,0,NA,0,NA,0,NA,0,NA,0,NA,0,NA,0,NA,0,NA,0,NA,0,NA,0,NA,0,NA
175,2A-63Y-1-79-82,2,NA,0,NA,0,NA,0,NA,0,NA,0,NA,0,NA,0,NA,1,NA,0,NA,0,NA,0,NA,0,NA,0,NA,0,NA,0,NA,0,NA,0,NA,0,NA,0,NA,0,NA,0,NA,0,NA,0,NA,0,NA,0,NA,0,NA,0,NA
176,2A-63Y-1-83-84,2,00-041-1478,0,NA,3,00-005-0586,0,NA,0,NA,0,NA,0,NA,0,NA,1,NA,0,NA,0,NA,0,NA,0,NA,0,NA,0,NA,0,NA,0,NA,0,NA,0,NA,0,NA,0,NA,0,NA,0,NA,0,NA,0,NA,0,NA,0,NA,0,NA
177,2A-63Y-2-16-19,1,00-041-1478,0,NA,0,NA,0,NA,0,NA,0,NA,3,01-076-0803,0,NA,1,00-012-0204,0,NA,0,NA,0,NA,0,NA,0,NA,0,NA,0,NA,0,NA,0,NA,0,NA,0,NA,0,NA,0,NA,0,NA,0,NA,0,NA,0,NA,0,NA,0,NA
178,2A-63Y-2-48-51,0,NA,1,NA,0,NA,0,NA,0,NA,0,NA,2,01-076-0803,0,NA,1,00-012-0204,0,NA,0,NA,0,NA,0,NA,0,NA,0,NA,0,NA,0,NA,0,NA,0,NA,0,NA,0,NA,0,NA,0,NA,0,NA,0,NA,0,NA,0,NA,0,NA
179,2A-63Y-2-66-69,0,NA,0,NA,0,NA,0,NA,0,NA,0,NA,2,00-009-0478,0,NA,0,NA,0,NA,0,NA,0,NA,0,NA,0,NA,0,NA,0,NA,3,NA,0,NA,0,NA,0,NA,0,NA,0,NA,0,NA,0,NA,0,NA,1,NA,0,NA,0,NA
180,2A-63Y-2-144-147,0,NA,1,NA,0,NA,0,NA,0,NA,0,NA,2,00-009-0478,0,NA,0,NA,0,NA,0,NA,0,NA,0,NA,0,NA,0,NA,0,NA,2,00-034-0137,0,NA,0,NA,0,NA,0,NA,0,NA,0,NA,0,NA,0,NA,0,NA,0,NA,0,NA
181,2A-64Y-1-18-20,0,NA,0,NA,0,NA,0,NA,0,NA,0,NA,2,00-009-0478,0,NA,1,NA,0,NA,0,NA,0,NA,2,NA,0,NA,0,NA,1,NA,0,NA,0,NA,0,NA,0,NA,0,NA,0,NA,0,NA,0,NA,0,NA,0,NA,0,NA,0,NA
182,2A-64Y-1-48-50,0,NA,0,NA,0,NA,0,NA,0,NA,0,NA,0,NA,0,NA,1,NA,0,NA,0,NA,0,NA,2,NA,0,NA,0,NA,1,NA,0,NA,0,NA,0,NA,0,NA,0,NA,0,NA,0,NA,0,NA,0,NA,0,NA,0,NA,0,NA
183,2A-64Y-1-80-83,0,NA,3,NA,2,00-005-0586,0,NA,0,NA,0,NA,2,01-076-0803,0,NA,1,00-012-0204,0,NA,0,NA,0,NA,0,NA,0,NA,0,NA,0,NA,0,NA,1,NA,0,NA,0,NA,0,NA,0,NA,0,NA,0,NA,0,NA,0,NA,0,NA,0,NA
184,2A-64Y-1-112-114,0,NA,0,NA,0,NA,0,NA,0,NA,0,NA,0,NA,0,NA,2,00-012-0204,0,NA,0,NA,0,NA,0,NA,0,NA,0,NA,0,NA,0,NA,0,NA,0,NA,0,NA,0,NA,0,NA,0,NA,0,NA,0,NA,0,NA,0,NA,0,NA
185,2A-64Y-2-48-50,0,NA,3,01-086-1560,0,NA,0,NA,0,NA,0,NA,3,01-076-0803,0,NA,2,NA,0,NA,0,NA,0,NA,0,NA,0,NA,0,NA,0,NA,0,NA,0,NA,0,NA,0,NA,0,NA,0,NA,0,NA,0,NA,0,NA,0,NA,0,NA,0,NA
186,2A-64Y-2-82-85,0,NA,0,NA,0,NA,0,NA,0,NA,0,NA,0,NA,0,NA,1,NA,0,NA,0,NA,0,NA,1,NA,0,NA,0,NA,0,NA,0,NA,0,NA,0,NA,0,NA,0,NA,0,NA,0,NA,0,NA,0,NA,0,NA,0,NA,0,NA
187,2A-64Y-2-116-118,0,NA,1,NA,0,NA,0,NA,0,NA,0,NA,0,NA,0,NA,0,NA,0,NA,0,NA,0,NA,2,NA,0,NA,0,NA,0,NA,2,NA,0,NA,0,NA,0,NA,0,NA,0,NA,0,NA,0,NA,0,NA,0,NA,1,Microcline,0,NA
188,2A-65Y-1-16-18,0,NA,3,01-086-1560,0,NA,0,NA,0,NA,0,NA,2,00-009-0478,0,NA,1,NA,0,NA,0,NA,0,NA,0,NA,0,NA,0,NA,0,NA,0,NA,0,NA,0,NA,0,NA,0,NA,0,NA,0,NA,0,NA,0,NA,0,NA,0,NA,0,NA
189,2A-65Y-1-48-50,0,NA,3,01-086-1560,0,NA,0,NA,0,NA,0,NA,2,01-076-0803,0,NA,0,NA,0,NA,0,NA,0,NA,0,NA,0,NA,0,NA,0,NA,2,00-034-0137,0,NA,0,NA,0,NA,1,NA,0,NA,0,NA,0,NA,0,NA,0,NA,0,NA,0,NA
190,2A-65Y-1-80-83,0,NA,3,NA,0,NA,0,NA,0,NA,0,NA,2,01-076-0803,0,NA,0,NA,0,NA,0,NA,0,NA,0,NA,0,NA,0,NA,0,NA,2,00-034-0137,0,NA,0,NA,0,NA,2,01-088-1224,0,NA,0,NA,0,NA,0,NA,0,NA,0,NA,0,NA
191,2A-65Y-1-112-114,0,NA,0,NA,0,NA,0,NA,0,NA,0,NA,0,NA,0,NA,0,NA,0,NA,0,NA,0,NA,0,NA,0,NA,0,NA,0,NA,2,00-034-0137,0,NA,0,NA,0,NA,2,01-088-1224,0,NA,0,NA,0,NA,0,NA,0,NA,0,NA,0,NA
192,2A-65Y-1-144-146,0,NA,0,NA,3,NA,0,NA,0,NA,0,NA,0,NA,0,NA,0,NA,0,NA,0,NA,1,NA,0,NA,0,NA,0,NA,0,NA,3,00-034-0137,0,NA,0,NA,0,NA,3,01-088-1224,0,NA,0,NA,0,NA,0,NA,0,NA,0,NA,0,NA
193,2A-65Y-2-16-18,0,NA,0,NA,0,NA,0,NA,0,NA,0,NA,0,NA,0,NA,0,NA,0,NA,0,NA,1,NA,0,NA,0,NA,0,NA,0,NA,3,NA,0,NA,0,NA,0,NA,3,01-088-1224,0,NA,0,NA,0,NA,0,NA,0,NA,0,NA,0,NA
194,2A-65Y-2-48-50,0,NA,0,NA,0,NA,0,NA,0,NA,0,NA,0,NA,0,NA,1,00-012-0204,0,NA,0,NA,0,NA,0,NA,0,NA,0,NA,0,NA,0,NA,1,00-039-1375,0,NA,0,NA,1,NA,0,NA,0,NA,0,NA,0,NA,0,NA,0,NA,0,NA
195,2A-65Y-2-80-83,0,NA,1,NA,2,NA,0,NA,0,NA,0,NA,0,NA,0,NA,0,NA,0,NA,0,NA,0,NA,0,NA,0,NA,0,NA,0,NA,0,NA,0,NA,0,NA,0,NA,0,NA,0,NA,0,NA,0,NA,0,NA,0,NA,3,Clay,0,NA
196,2A-65Y-2-112-114,0,NA,0,NA,2,NA,0,NA,0,NA,0,NA,0,NA,0,NA,2,NA,0,NA,0,NA,2,NA,0,NA,0,NA,0,NA,0,NA,0,NA,0,NA,0,NA,0,NA,2,01-088-1224,0,NA,0,NA,0,NA,0,NA,0,NA,0,NA,0,NA
197,2A-65Y-2-144-146,0,NA,3,01-086-1560,0,NA,0,NA,0,NA,0,NA,3,00-009-0478,0,NA,0,NA,0,NA,0,NA,0,NA,0,NA,0,NA,0,NA,0,NA,2,NA,0,NA,0,NA,0,NA,2,01-088-1224,0,NA,0,NA,0,NA,0,NA,0,NA,0,NA,0,NA
198,2A-66Y-1-80-83,0,NA,3,01-086-1560,0,NA,0,NA,0,NA,0,NA,2,01-076-0803,0,NA,0,NA,0,NA,0,NA,0,NA,0,NA,0,NA,0,NA,0,NA,0,NA,0,NA,0,NA,0,NA,2,01-088-1224,0,NA,0,NA,0,NA,0,NA,0,NA,0,NA,0,NA
199,2A-66Y-1-112-114,0,NA,2,01-086-1560,0,NA,0,NA,0,NA,0,NA,2,00-009-0478,0,NA,0,NA,0,NA,0,NA,0,NA,0,NA,0,NA,0,NA,0,NA,1,NA,0,NA,0,NA,0,NA,2,01-088-1224,0,NA,0,NA,0,NA,0,NA,0,NA,0,NA,0,NA
200,2A-66Y-2-22-25,0,NA,0,NA,0,NA,0,NA,0,NA,0,NA,1,01-075-1630,0,NA,0,NA,0,NA,0,NA,0,NA,1,NA,0,NA,0,NA,0,NA,0,NA,0,NA,0,NA,0,NA,2,01-088-1224,0,NA,0,NA,0,NA,0,NA,0,NA,0,NA,0,NA
201,2A-66Y-2-103-105,0,NA,3,01-086-1560,0,NA,0,NA,0,NA,0,NA,2,01-075-1630,0,NA,1,NA,0,NA,0,NA,0,NA,0,NA,0,NA,0,NA,0,NA,0,NA,0,NA,0,NA,0,NA,2,01-088-1224,0,NA,0,NA,0,NA,0,NA,0,NA,0,NA,0,NA
202,2A-67Y-1-16-18,0,NA,2,01-086-1560,2,NA,0,NA,0,NA,0,NA,2,01-076-0803,0,NA,0,NA,0,NA,0,NA,0,NA,0,NA,0,NA,0,NA,0,NA,1,NA,0,NA,0,NA,0,NA,2,01-088-1224,0,NA,0,NA,0,NA,0,NA,0,NA,0,NA,0,NA
203,2A-67Y-1-48-50,0,NA,3,01-086-1560,2,01-072-4582,0,NA,0,NA,0,NA,2,01-076-0803,0,NA,0,NA,0,NA,0,NA,0,NA,0,NA,0,NA,0,NA,0,NA,1,NA,0,NA,0,NA,0,NA,3,01-088-1224,0,NA,0,NA,0,NA,0,NA,0,NA,0,NA,0,NA
204,2A-67Y-1-82-85,0,NA,2,01-086-1560,0,NA,0,NA,0,NA,0,NA,2,01-076-0803,0,NA,0,NA,0,NA,0,NA,0,NA,0,NA,0,NA,0,NA,0,NA,1,NA,0,NA,0,NA,0,NA,2,01-088-1224,0,NA,0,NA,0,NA,0,NA,0,NA,0,NA,0,NA
205,2A-67Y-1-116-118,0,NA,0,NA,0,NA,0,NA,0,NA,0,NA,1,01-076-0803,0,NA,0,NA,0,NA,0,NA,0,NA,0,NA,0,NA,0,NA,0,NA,1,NA,0,NA,0,NA,0,NA,2,01-088-1224,0,NA,0,NA,0,NA,0,NA,0,NA,0,NA,0,NA
206,2A-67Y-2-48-50,0,NA,2,NA,0,NA,0,NA,0,NA,0,NA,1,00-009-0478,0,NA,0,NA,0,NA,0,NA,0,NA,0,NA,0,NA,0,NA,0,NA,2,NA,0,NA,0,NA,0,NA,3,01-088-1224,0,NA,0,NA,0,NA,0,NA,0,NA,0,NA,0,NA
207,2A-67Y-2-80-83,0,NA,1,NA,0,NA,0,NA,0,NA,0,NA,1,01-076-0803,0,NA,0,NA,0,NA,0,NA,0,NA,0,NA,0,NA,0,NA,0,NA,1,NA,0,NA,0,NA,0,NA,2,01-088-1224,0,NA,0,NA,0,NA,0,NA,0,NA,0,NA,0,NA
208,2A-68Y-1-80-83,0,NA,0,NA,0,NA,0,NA,0,NA,0,NA,1,00-009-0478,0,NA,0,NA,0,NA,0,NA,0,NA,0,NA,0,NA,0,NA,0,NA,1,NA,0,NA,0,NA,0,NA,1,01-088-1224,0,NA,0,NA,0,NA,0,NA,0,NA,0,NA,0,NA
209,2A-69Y-2-135-137,0,NA,0,NA,0,NA,0,NA,0,NA,0,NA,2,01-076-0803,0,NA,0,NA,0,NA,0,NA,0,NA,0,NA,0,NA,0,NA,0,NA,1,NA,0,NA,0,NA,0,NA,1,01-088-1224,0,NA,0,NA,0,NA,0,NA,0,NA,0,NA,0,NA
210,2a-70y-1-22-24,0,NA,0,NA,0,NA,0,NA,0,NA,0,NA,2,01-076-0803,0,NA,0,NA,0,NA,0,NA,0,NA,0,NA,0,NA,0,NA,0,NA,3,NA,0,NA,0,NA,0,NA,3,01-088-1224,0,NA,0,NA,0,NA,0,NA,0,NA,0,NA,0,NA
211,2A-76Y-2-68-70,0,NA,2,01-086-1560,0,NA,0,NA,0,NA,0,NA,2,01-076-0803,0,NA,0,NA,0,NA,0,NA,0,NA,1,NA,0,NA,0,NA,0,NA,0,NA,2,00-046-1427,0,NA,0,NA,0,NA,0,NA,0,NA,0,NA,0,NA,0,NA,0,NA,0,NA
212,2A-77Y-1-76-79,0,NA,2,01-086-1560,0,NA,0,NA,0,NA,0,NA,2,01-076-0803,0,NA,1,NA,0,NA,0,NA,0,NA,0,NA,0,NA,0,NA,0,NA,1,NA,2,00-046-1427,0,NA,0,NA,0,NA,0,NA,0,NA,0,NA,0,NA,0,NA,0,NA,0,NA
213,2A-77Y-2-37-40,0,NA,0,NA,0,NA,0,NA,0,NA,0,NA,2,01-076-0803,0,NA,1,NA,0,NA,0,NA,0,NA,1,NA,0,NA,0,NA,0,NA,1,00-034-0137,1,01-073-1419,0,NA,0,NA,0,NA,0,NA,0,NA,0,NA,0,NA,0,NA,0,NA,0,NA
214,2A-78Y-2-80-83,0,NA,3,01-086-1560,0,NA,0,NA,0,NA,0,NA,0,NA,0,NA,0,NA,0,NA,0,NA,0,NA,0,NA,2,NA,0,NA,0,NA,0,NA,1,NA,0,NA,0,NA,0,NA,0,NA,0,NA,0,NA,0,NA,0,NA,0,NA,0,NA
215,2A-78Y-2-106-109,0,NA,2,01-086-1560,0,NA,0,NA,0,NA,0,NA,3,01-076-0803,0,NA,0,NA,0,NA,0,NA,0,NA,0,NA,0,NA,0,NA,0,NA,2,NA,0,NA,0,NA,0,NA,1,00-039-1379,0,NA,0,NA,0,NA,0,NA,0,NA,0,NA,0,NA
216,2A-80Y-1-70-73,0,NA,2,01-086-1560,0,NA,0,NA,0,NA,0,NA,1,00-009-0478,0,NA,0,NA,0,NA,0,NA,0,NA,2,NA,0,NA,0,NA,0,NA,1,00-034-0137,0,NA,0,NA,0,NA,0,NA,0,NA,0,NA,0,NA,0,NA,0,NA,0,NA,0,NA
217,2A-80Y-2-82-85,0,NA,0,NA,0,NA,0,NA,0,NA,0,NA,0,NA,0,NA,0,NA,0,NA,0,NA,2,00-041-1480,0,NA,0,NA,0,NA,0,NA,0,NA,0,NA,0,NA,0,NA,0,NA,1,00-010-0357,0,NA,0,NA,0,NA,0,NA,1,Sodium Aluminium Silicate,0,NA
218,2A-81Y-1-83-86,3,00-041-1478,2,01-086-1560,0,NA,0,NA,0,NA,0,NA,2,00-009-0478,0,NA,0,NA,0,NA,0,NA,0,NA,0,NA,0,NA,0,NA,0,NA,0,NA,0,NA,0,NA,0,NA,0,NA,0,NA,0,NA,0,NA,0,NA,0,NA,0,NA,0,NA
219,2A-81Y-2-46-49,3,00-041-1478,3,01-086-1560,0,NA,0,NA,0,NA,0,NA,2,00-009-0478,0,NA,0,NA,0,NA,0,NA,0,NA,0,NA,0,NA,0,NA,0,NA,0,NA,0,NA,0,NA,0,NA,0,NA,0,NA,0,NA,0,NA,0,NA,0,NA,0,NA,0,NA
220,2A-82Y-1-85-88,3,00-041-1478,2,NA,0,NA,0,NA,0,NA,0,NA,2,00-009-0478,0,NA,1,NA,0,NA,0,NA,0,NA,0,NA,0,NA,0,NA,0,NA,0,NA,0,NA,0,NA,0,NA,0,NA,0,NA,0,NA,0,NA,0,NA,0,NA,0,NA,0,NA
221,2A-82Y-2-101-103,2,00-041-1478,3,01-086-1560,1,00-005-0586,0,NA,0,NA,0,NA,0,NA,0,NA,0,NA,0,NA,0,NA,3,00-041-1480,0,NA,0,NA,0,NA,0,NA,0,NA,0,NA,0,NA,0,NA,0,NA,1,00-010-0357,0,NA,0,NA,0,NA,0,NA,0,NA,0,NA
222,2A-83Y-1-80-83,0,NA,2,NA,0,NA,0,NA,0,NA,0,NA,0,NA,0,NA,0,NA,0,NA,0,NA,3,00-041-1480,0,NA,0,NA,0,NA,0,NA,0,NA,0,NA,0,NA,0,NA,0,NA,0,NA,0,NA,0,NA,0,NA,0,NA,0,NA,0,NA
223,2A-84Y-1-74-77,0,NA,2,01-086-1560,3,01-071-3699,0,NA,0,NA,0,NA,0,NA,0,NA,0,NA,0,NA,0,NA,0,NA,0,NA,0,NA,0,NA,0,NA,0,NA,0,NA,0,NA,0,NA,0,NA,0,NA,0,NA,0,NA,0,NA,0,NA,0,NA,0,NA
224,2A-84Y-2-86-89,0,NA,2,01-086-1560,0,NA,0,NA,0,NA,0,NA,0,NA,0,NA,0,NA,0,NA,0,NA,2,NA,1,NA,0,NA,0,NA,0,NA,0,NA,0,NA,0,NA,0,NA,0,NA,0,NA,0,NA,0,NA,0,NA,0,NA,1,Aluminium Silicate,0,NA
225,2A-85Y-1-80-83,3,00-041-1478,2,01-086-1560,3,01-071-3699,0,NA,0,NA,0,NA,2,01-076-0803,0,NA,1,00-002-0037,0,NA,0,NA,0,NA,0,NA,0,NA,0,NA,0,NA,0,NA,0,NA,0,NA,0,NA,0,NA,0,NA,0,NA,0,NA,0,NA,0,NA,0,NA,0,NA
226,2A-85Y-2-80-83,0,NA,2,01-086-1560,3,00-005-0586,0,NA,0,NA,0,NA,0,NA,0,NA,0,NA,0,NA,0,NA,3,NA,1,NA,0,NA,0,NA,0,NA,0,NA,0,NA,0,NA,0,NA,0,NA,0,NA,0,NA,0,NA,0,NA,0,NA,0,NA,0,NA
227,2A-85Y-3-18-51,0,NA,3,01-086-1560,0,NA,0,NA,0,NA,0,NA,0,NA,0,NA,0,NA,0,NA,0,NA,3,NA,0,NA,0,NA,0,NA,0,NA,0,NA,0,NA,0,NA,0,NA,0,NA,0,NA,0,NA,0,NA,0,NA,0,NA,0,NA,0,NA
228,2A-91Y-136-138,0,NA,3,01-086-1560,0,NA,0,NA,0,NA,0,NA,0,NA,0,NA,1,NA,0,NA,0,NA,3,01-083-1939,0,NA,0,NA,0,NA,0,NA,0,NA,0,NA,0,NA,0,NA,0,NA,0,NA,0,NA,0,NA,0,NA,0,NA,1,Andalusite,0,NA
229,2A-91Y-2-60-63,3,00-041-1478,0,NA,0,NA,0,NA,0,NA,0,NA,2,00-009-0478,0,NA,1,00-003-0015,2,NA,0,NA,0,NA,0,NA,0,NA,0,NA,0,NA,0,NA,0,NA,0,NA,0,NA,0,NA,0,NA,0,NA,0,NA,0,NA,0,NA,0,NA,0,NA
230,3A-21Y-1-16-18,3,00-041-1478,0,NA,2,00-005-0586,0,NA,0,NA,0,NA,0,NA,0,NA,2,NA,2,NA,0,NA,0,NA,0,NA,0,NA,0,NA,2,00-005-0099,1,NA,0,NA,0,NA,0,NA,0,NA,0,NA,0,NA,0,NA,0,NA,0,NA,0,,0,
231,3A-21Y-1-48-50,1,00-041-1478,0,NA,3,01-071-3699,0,NA,0,NA,0,NA,0,NA,0,NA,1,NA,2,NA,0,NA,0,NA,0,NA,0,NA,0,NA,0,NA,0,NA,0,NA,0,NA,0,NA,2,01-088-1224,0,NA,0,NA,0,NA,0,NA,0,NA,2,Diopside,0,NA
232,3A-21Y-3-48-51,3,00-041-1478,3,NA,3,01-071-3699,0,NA,0,NA,2,NA,0,NA,0,NA,2,NA,1,00-009-0343,0,NA,0,NA,0,NA,0,NA,0,NA,0,NA,0,NA,1,NA,0,NA,0,NA,0,NA,0,NA,0,NA,0,NA,0,NA,0,NA,0,NA,0,NA
233,3A-21Y-3-80-83,3,00-041-1478,0,NA,3,00-005-0586,0,NA,0,NA,2,01-076-0825,0,NA,0,NA,0,NA,2,00-009-0343,0,NA,0,NA,0,NA,0,NA,0,NA,2,00-005-0099,0,NA,0,NA,0,NA,0,NA,0,NA,0,NA,0,NA,0,NA,0,NA,0,NA,0,NA,0,NA
234,3A-22Y-2-18-20,0,NA,4,NA,4,01-071-3699,0,NA,0,NA,0,NA,0,NA,0,NA,0,NA,1,NA,0,NA,0,NA,0,NA,0,NA,0,NA,0,NA,0,NA,0,NA,0,NA,2,NA,2,01-088-1224,0,NA,0,NA,0,NA,0,NA,0,NA,0,NA,0,NA
235,3A-21Y-3-16-18,3,00-041-1478,3,NA,2,01-072-4582,0,NA,0,NA,2,01-076-0825,0,NA,0,NA,0,NA,2,00-009-0343,0,NA,0,NA,0,NA,0,NA,0,NA,2,01-082-1872,0,NA,0,NA,0,NA,0,NA,0,NA,0,NA,0,NA,0,NA,0,NA,0,NA,0,NA,0,NA
236,3A-23Y-1-18-20,3,00-041-1478,0,NA,2,01-071-3699,0,NA,0,NA,0,NA,0,NA,0,NA,2,NA,2,00-009-0343,0,NA,0,NA,0,NA,0,NA,0,NA,0,NA,0,NA,0,NA,0,NA,0,NA,0,NA,0,NA,0,NA,0,NA,0,NA,0,NA,0,NA,0,NA
237,3A-23Y-1-80-83,0,NA,4,01-086-1560,3,01-071-3699,0,NA,0,NA,2,NA,0,NA,0,NA,0,NA,2,NA,0,NA,0,NA,0,NA,0,NA,0,NA,2,00-005-0099,0,NA,0,NA,0,NA,0,NA,0,NA,0,NA,0,NA,0,NA,0,NA,0,NA,0,NA,0,NA
238,3A-23Y-1-144-146,0,NA,0,NA,4,01-071-3699,0,NA,0,NA,2,01-086-0439,0,NA,0,NA,2,NA,2,00-009-0343,0,NA,0,NA,0,NA,0,NA,0,NA,1,00-005-0099,0,NA,0,NA,0,NA,0,NA,0,NA,0,NA,0,NA,0,NA,0,NA,0,NA,0,NA,0,NA
239,3A-23Y-2-16-18,0,NA,0,NA,3,01-071-3699,0,NA,0,NA,3,01-086-0439,0,NA,0,NA,0,NA,0,NA,0,NA,0,NA,0,NA,0,NA,0,NA,1,00-005-0099,0,NA,0,NA,0,NA,0,NA,0,NA,0,NA,0,NA,0,NA,0,NA,0,NA,0,NA,0,NA
240,3A-23Y-2-48-50,0,NA,0,NA,4,01-071-3699,0,NA,0,NA,0,NA,0,NA,0,NA,2,NA,2,NA,0,NA,0,NA,0,NA,0,NA,0,NA,0,NA,0,NA,0,NA,0,NA,0,NA,0,NA,2,NA,0,NA,0,NA,0,NA,0,NA,0,NA,0,NA
241,3A-23Y-2-80-83,0,NA,0,NA,4,01-071-3699,0,NA,0,NA,0,NA,0,NA,0,NA,0,NA,1,00-009-0343,0,NA,0,NA,0,NA,0,NA,0,NA,0,NA,0,NA,0,NA,0,NA,0,NA,0,NA,2,NA,0,NA,0,NA,0,NA,0,NA,0,NA,0,NA
242,3A-23Y-2-112-114,0,NA,0,NA,3,01-071-3699,0,NA,0,NA,0,NA,0,NA,0,NA,1,NA,2,00-009-0343,0,NA,0,NA,0,NA,0,NA,0,NA,0,NA,0,NA,0,NA,0,NA,0,NA,0,NA,3,NA,0,NA,0,NA,0,NA,0,NA,0,NA,0,NA
243,3A-23Y-2-144-146,0,NA,0,NA,2,01-071-3699,0,NA,3,NA,0,NA,0,NA,0,NA,1,NA,0,NA,0,NA,0,NA,0,NA,0,NA,0,NA,0,NA,0,NA,0,NA,0,NA,0,NA,0,NA,2,NA,0,NA,0,NA,0,NA,0,NA,0,NA,0,NA
244,3A-24Y-1-23-25,0,NA,2,NA,3,01-071-3699,0,NA,0,NA,0,NA,0,NA,0,NA,3,00-012-0204,0,NA,0,NA,0,NA,0,NA,0,NA,0,NA,0,NA,0,NA,0,NA,0,NA,0,NA,0,NA,3,NA,0,NA,0,NA,0,NA,0,NA,2,Ilmanite,0,NA
245,3A-24Y-1-122-124,0,NA,0,NA,4,01-071-3699,0,NA,0,NA,0,NA,0,NA,0,NA,1,NA,0,NA,0,NA,0,NA,0,NA,0,NA,0,NA,0,NA,0,NA,1,01-073-1419,0,NA,0,NA,0,NA,0,NA,0,NA,0,NA,0,NA,0,NA,0,NA,0,NA
246,3A-24Y-2-14-16,0,NA,1,NA,4,01-071-3699,0,NA,0,NA,0,NA,0,NA,0,NA,1,00-012-0204,0,NA,0,NA,0,NA,0,NA,0,NA,0,NA,0,NA,0,NA,2,01-073-1419,0,NA,0,NA,0,NA,0,NA,0,NA,0,NA,0,NA,0,NA,0,NA,0,NA
247,3A-24Y-2-78-81,0,NA,0,NA,2,01-071-3699,0,NA,0,NA,0,NA,0,NA,0,NA,2,00-012-0204,2,00-009-0343,0,NA,0,NA,0,NA,0,NA,0,NA,0,NA,0,NA,0,NA,0,NA,0,NA,0,NA,2,NA,0,NA,0,NA,0,NA,0,NA,0,NA,0,NA
248,3A-24Y-2-115-117,2,00-041-1478,0,NA,0,NA,0,NA,3,NA,0,NA,1,NA,0,NA,1,NA,0,NA,0,NA,0,NA,0,NA,0,NA,0,NA,0,NA,0,NA,0,NA,0,NA,0,NA,0,NA,1,NA,0,NA,0,NA,0,NA,0,NA,0,NA,0,NA
249,3A-25Y-1-12-14,3,00-041-1478,0,NA,0,NA,0,NA,0,NA,0,NA,0,NA,0,NA,2,00-012-0204,0,NA,0,NA,0,NA,0,NA,0,NA,0,NA,2,NA,0,NA,1,NA,0,NA,0,NA,0,NA,2,NA,0,NA,0,NA,0,NA,0,NA,0,NA,0,NA
250,3A-25Y-2-14-16,0,NA,0,NA,0,NA,0,NA,0,NA,0,NA,4,NA,0,NA,0,NA,0,NA,0,NA,0,NA,0,NA,0,NA,0,NA,0,NA,0,NA,4,01-073-1419,0,NA,0,NA,0,NA,0,NA,0,NA,0,NA,0,NA,0,NA,0,NA,0,NA
251,3A-25Y-2-66-69,0,NA,0,NA,0,NA,0,NA,0,NA,0,NA,4,NA,0,NA,1,NA,0,NA,0,NA,0,NA,0,NA,0,NA,0,NA,0,NA,0,NA,4,01-073-1419,0,NA,0,NA,0,NA,0,NA,0,NA,0,NA,0,NA,0,NA,0,NA,0,NA
252,3A-26Y-1-16-18,0,NA,0,NA,0,NA,0,NA,0,NA,0,NA,4,NA,0,NA,0,NA,2,NA,0,NA,0,NA,0,NA,0,NA,0,NA,0,NA,0,NA,4,01-073-1419,0,NA,0,NA,0,NA,0,NA,0,NA,0,NA,0,NA,0,NA,0,NA,0,NA
253,3A-26Y-1-53-55,0,NA,0,NA,0,NA,0,NA,0,NA,0,NA,4,NA,0,NA,0,NA,0,NA,0,NA,0,NA,0,NA,0,NA,0,NA,0,NA,0,NA,4,01-073-1419,0,NA,0,NA,0,NA,0,NA,0,NA,0,NA,0,NA,0,NA,0,NA,0,NA
254,3A-26Y-1-80-83,0,NA,0,NA,3,01-071-3699,0,NA,0,NA,0,NA,4,NA,0,NA,0,NA,0,NA,0,NA,0,NA,0,NA,0,NA,0,NA,0,NA,0,NA,4,01-073-1419,0,NA,0,NA,0,NA,0,NA,0,NA,0,NA,0,NA,0,NA,0,NA,0,NA
255,3A-26Y-1-139-141,0,NA,0,NA,0,NA,0,NA,0,NA,0,NA,4,NA,0,NA,0,NA,0,NA,0,NA,0,NA,0,NA,0,NA,0,NA,0,NA,0,NA,4,01-073-1419,0,NA,0,NA,0,NA,0,NA,0,NA,0,NA,0,NA,0,NA,0,NA,0,NA
256,3A-26Y-2-80-83,0,NA,0,NA,0,NA,0,NA,0,NA,0,NA,4,NA,0,NA,1,NA,0,NA,0,NA,0,NA,0,NA,0,NA,0,NA,0,NA,0,NA,4,01-073-1419,0,NA,0,NA,0,NA,0,NA,0,NA,0,NA,0,NA,0,NA,0,NA,0,NA
257,3A-26Y-2-115-117,0,NA,0,NA,0,NA,0,NA,0,NA,0,NA,3,NA,0,NA,2,NA,0,NA,0,NA,0,NA,0,NA,0,NA,0,NA,0,NA,0,NA,4,01-073-1419,0,NA,0,NA,0,NA,0,NA,0,NA,0,NA,0,NA,0,NA,0,NA,0,NA
258,3A-26Y-2-144-146,0,NA,0,NA,0,NA,0,NA,0,NA,0,NA,3,NA,0,NA,2,NA,0,NA,0,NA,0,NA,0,NA,0,NA,0,NA,0,NA,0,NA,4,01-073-1419,0,NA,0,NA,0,NA,0,NA,0,NA,0,NA,0,NA,0,NA,0,NA,0,NA
259,3A-28Y-1-16-18,0,NA,0,NA,2,01-071-3699,0,NA,0,NA,0,NA,2,NA,0,NA,2,00-012-0204,0,NA,0,NA,0,NA,0,NA,0,NA,0,NA,0,NA,0,NA,0,NA,0,NA,0,NA,0,NA,0,NA,0,NA,0,NA,0,NA,0,NA,0,NA,0,NA
260,3A-28Y-1-47-49,0,NA,0,NA,3,01-071-3699,0,NA,0,NA,0,NA,2,NA,0,NA,2,NA,0,NA,0,NA,0,NA,0,NA,0,NA,0,NA,0,NA,0,NA,0,NA,0,NA,0,NA,0,NA,0,NA,0,NA,0,NA,0,NA,0,NA,0,NA,0,NA
261,3A-28Y-1-78-81,0,NA,1,NA,2,01-071-3699,0,NA,0,NA,0,NA,1,NA,0,NA,3,NA,0,NA,0,NA,0,NA,0,NA,0,NA,0,NA,0,NA,0,NA,0,NA,0,NA,0,NA,0,NA,0,NA,0,NA,0,NA,0,NA,0,NA,0,NA,0,NA
262,3A-28Y-1-107-109,0,NA,0,NA,2,01-071-3699,0,NA,0,NA,0,NA,2,NA,0,NA,2,NA,0,NA,0,NA,0,NA,0,NA,0,NA,0,NA,0,NA,0,NA,2,00-046-1427,0,NA,0,NA,0,NA,0,NA,0,NA,0,NA,0,NA,2,NA,0,NA,0,NA
263,3A-28Y-1-148-150,0,NA,1,NA,2,01-071-3699,0,NA,0,NA,0,NA,2,NA,0,NA,2,NA,0,NA,0,NA,0,NA,0,NA,0,NA,0,NA,0,NA,0,NA,0,NA,0,NA,0,NA,0,NA,0,NA,0,NA,0,NA,0,NA,2,NA,0,NA,0,NA
264,3A-28Y-2-48-50,0,NA,0,NA,4,01-071-3699,0,NA,0,NA,0,NA,3,NA,0,NA,2,NA,0,NA,0,NA,0,NA,0,NA,0,NA,0,NA,0,NA,0,NA,0,NA,0,NA,0,NA,0,NA,0,NA,0,NA,0,NA,0,NA,2,NA,0,NA,0,NA
265,3A-28Y-2-80-83,0,NA,0,NA,4,01-071-3699,0,NA,0,NA,0,NA,3,NA,0,NA,2,NA,0,NA,0,NA,0,NA,0,NA,0,NA,0,NA,0,NA,0,NA,0,NA,0,NA,0,NA,0,NA,0,NA,0,NA,0,NA,0,NA,0,NA,0,NA,0,NA
266,3A-28Y-2-112-114,0,NA,0,NA,4,01-071-3699,0,NA,3,NA,0,NA,2,NA,0,NA,2,NA,0,NA,0,NA,0,NA,0,NA,0,NA,0,NA,0,NA,0,NA,0,NA,0,NA,0,NA,0,NA,0,NA,0,NA,0,NA,0,NA,0,NA,0,NA,0,NA
267,3A-28Y-2-144-146,0,NA,0,NA,3,01-071-3699,0,NA,1,NA,0,NA,3,NA,0,NA,2,00-012-0204,0,NA,0,NA,0,NA,0,NA,0,NA,0,NA,0,NA,0,NA,3,01-073-1419,0,NA,0,NA,0,NA,0,NA,0,NA,0,NA,0,NA,0,NA,0,NA,0,NA
268,3A-29Y-1-88-90,0,NA,0,NA,4,01-071-3699,0,NA,0,NA,0,NA,2,NA,0,NA,2,NA,0,NA,0,NA,0,NA,0,NA,0,NA,0,NA,0,NA,0,NA,2,01-073-1419,0,NA,0,NA,0,NA,0,NA,0,NA,0,NA,0,NA,0,NA,0,NA,0,NA
269,3A-29Y-1-112-115,0,NA,0,NA,4,01-071-3699,0,NA,0,NA,0,NA,3,NA,0,NA,2,NA,0,NA,0,NA,0,NA,0,NA,0,NA,0,NA,0,NA,0,NA,2,01-073-1419,0,NA,0,NA,0,NA,0,NA,0,NA,0,NA,0,NA,0,NA,0,NA,0,NA
270,3A-29Y-2-16-18,0,NA,0,NA,4,01-071-3699,0,NA,0,NA,0,NA,2,NA,0,NA,0,NA,0,NA,0,NA,0,NA,0,NA,0,NA,0,NA,0,NA,0,NA,2,01-073-1419,0,NA,0,NA,0,NA,0,NA,0,NA,0,NA,0,NA,2,NA,0,NA,0,NA
271,3A-29Y-2-48-50,2,NA,0,NA,3,01-071-3699,0,NA,0,NA,0,NA,0,NA,0,NA,2,NA,0,NA,0,NA,0,NA,0,NA,0,NA,0,NA,0,NA,0,NA,0,NA,0,NA,0,NA,0,NA,0,NA,0,NA,0,NA,0,NA,0,NA,0,NA,0,NA
272,3A-29Y-2-80-83,0,NA,0,NA,2,01-071-3699,0,NA,0,NA,0,NA,2,NA,0,NA,2,NA,0,NA,0,NA,0,NA,0,NA,0,NA,0,NA,0,NA,0,NA,1,01-073-1419,0,NA,0,NA,0,NA,0,NA,0,NA,0,NA,0,NA,0,NA,0,NA,0,NA
273,3A-29Y-2-112-114,0,NA,0,NA,4,01-071-3699,0,NA,0,NA,0,NA,2,NA,0,NA,0,NA,0,NA,0,NA,0,NA,0,NA,0,NA,0,NA,0,NA,0,NA,1,01-073-1419,0,NA,0,NA,0,NA,0,NA,0,NA,0,NA,0,NA,1,NA,0,NA,0,NA
274,3A-30Y-1-16-18,0,NA,0,NA,4,01-071-3699,0,NA,0,NA,0,NA,4,NA,0,NA,2,00-012-0204,0,NA,0,NA,0,NA,0,NA,0,NA,0,NA,0,NA,0,NA,2,00-046-1427,0,NA,0,NA,0,NA,0,NA,0,NA,0,NA,0,NA,0,NA,0,NA,0,NA
275,3A-30Y-1-112-114,0,NA,0,NA,4,01-071-3699,0,NA,0,NA,2,00-019-0002,0,NA,0,NA,2,NA,0,NA,0,NA,0,NA,0,NA,0,NA,0,NA,0,NA,0,NA,0,NA,0,NA,0,NA,0,NA,0,NA,0,NA,0,NA,0,NA,0,NA,0,NA,0,NA
276,3A-30Y-1-144-146,0,NA,0,NA,4,01-071-3699,2,00-041-1475,0,NA,2,00-019-0002,0,NA,0,NA,2,NA,0,NA,0,NA,0,NA,0,NA,0,NA,0,NA,0,NA,0,NA,0,NA,0,NA,0,NA,0,NA,0,NA,0,NA,0,NA,0,NA,0,NA,0,NA,0,NA
277,3A-30Y-2-16-18,0,NA,2,NA,4,01-071-3699,0,NA,0,NA,0,NA,2,NA,0,NA,2,NA,0,NA,0,NA,0,NA,0,NA,0,NA,0,NA,0,NA,0,NA,2,NA,0,NA,0,NA,0,NA,0,NA,0,NA,1,01-074-1433,0,NA,0,NA,0,NA,0,NA
278,3A-30Y-2-48-50,0,NA,1,NA,3,01-071-3699,0,NA,0,NA,0,NA,0,NA,0,NA,1,NA,0,NA,0,NA,0,NA,0,NA,0,NA,0,NA,0,NA,0,NA,2,00-046-1427,0,NA,0,NA,0,NA,0,NA,0,NA,0,NA,0,NA,0,NA,0,NA,0,NA
279,3A-30Y-2-80-83,0,NA,2,NA,3,01-071-3699,0,NA,0,NA,0,NA,2,NA,0,NA,2,NA,0,NA,0,NA,0,NA,0,NA,0,NA,0,NA,0,NA,0,NA,0,NA,0,NA,0,NA,0,NA,0,NA,0,NA,0,NA,0,NA,0,NA,0,NA,0,NA
280,3A-30Y-2-112-114,0,NA,2,NA,4,01-071-3699,0,NA,0,NA,0,NA,2,NA,0,NA,2,NA,0,NA,0,NA,0,NA,0,NA,0,NA,0,NA,0,NA,0,NA,0,NA,0,NA,0,NA,0,NA,0,NA,0,NA,0,NA,0,NA,0,NA,0,NA,0,NA
281,3A-30Y-2-144-146,0,NA,2,NA,4,01-071-3699,0,NA,0,NA,0,NA,0,NA,0,NA,1,NA,0,NA,0,NA,1,01-083-1939,0,NA,0,NA,0,NA,0,NA,0,NA,0,NA,0,NA,0,NA,0,NA,0,NA,0,NA,0,NA,0,NA,0,NA,0,NA,0,NA
282,3A-31Y-1-16-18,0,NA,4,NA,4,01-071-3699,0,NA,0,NA,0,NA,3,NA,0,NA,0,NA,0,NA,0,NA,1,NA,0,NA,0,NA,0,NA,0,NA,0,NA,0,NA,0,NA,0,NA,0,NA,0,NA,0,NA,0,NA,0,NA,0,NA,0,NA,0,NA
283,3A-31Y-1-80-83,0,NA,0,NA,3,01-071-3699,0,NA,0,NA,0,NA,2,NA,0,NA,3,NA,0,NA,0,NA,0,NA,0,NA,0,NA,0,NA,0,NA,0,NA,2,00-046-1427,0,NA,0,NA,0,NA,0,NA,0,NA,0,NA,0,NA,0,NA,0,NA,0,NA
284,3A-31Y-1-112-114,0,NA,2,NA,2,01-071-3699,0,NA,0,NA,2,00-019-0002,0,NA,0,NA,2,NA,0,NA,0,NA,0,NA,0,NA,0,NA,0,NA,0,NA,0,NA,1,01-073-1419,0,NA,0,NA,0,NA,0,NA,0,NA,0,NA,0,NA,0,NA,0,NA,0,NA
285,3A-31Y-2-14-14,0,NA,0,NA,2,01-071-3699,3,00-041-1475,1,NA,0,NA,0,NA,0,NA,2,NA,0,NA,0,NA,0,NA,0,NA,0,NA,0,NA,0,NA,0,NA,0,NA,0,NA,0,NA,0,NA,0,NA,0,NA,0,NA,0,NA,0,NA,0,NA,0,NA
286,3A-31Y-2-48-50,0,NA,1,NA,2,01-071-3699,3,00-041-1475,3,NA,0,NA,2,NA,0,NA,2,00-012-0204,0,NA,0,NA,0,NA,0,NA,0,NA,0,NA,0,NA,0,NA,0,NA,0,NA,0,NA,0,NA,0,NA,0,NA,0,NA,0,NA,0,NA,0,NA,0,NA
287,3A-31Y-2-80-83,0,NA,0,NA,2,01-071-3699,2,00-041-1475,2,NA,0,NA,0,NA,0,NA,2,NA,0,NA,0,NA,0,NA,0,NA,0,NA,0,NA,0,NA,0,NA,0,NA,0,NA,0,NA,0,NA,0,NA,0,NA,0,NA,0,NA,0,NA,0,NA,0,NA
288,3A-31Y-2-112-114,0,NA,0,NA,0,NA,0,NA,4,NA,0,NA,0,NA,0,NA,2,NA,0,NA,0,NA,0,NA,0,NA,0,NA,0,NA,0,NA,0,NA,0,NA,0,NA,0,NA,0,NA,0,NA,0,NA,0,NA,0,NA,0,NA,0,NA,0,NA
289,3A-35Y-1-16-18,0,NA,0,NA,0,NA,0,NA,4,NA,0,NA,0,NA,0,NA,2,NA,0,NA,0,NA,0,NA,0,NA,0,NA,0,NA,0,NA,0,NA,0,NA,0,NA,0,NA,0,NA,0,NA,0,NA,0,NA,0,NA,0,NA,0,NA,0,NA
290,3A-35Y-1-48-50,0,NA,0,NA,3,01-071-3699,0,NA,4,NA,0,NA,0,NA,0,NA,2,NA,0,NA,0,NA,0,NA,0,NA,0,NA,0,NA,0,NA,0,NA,0,NA,0,NA,0,NA,0,NA,0,NA,0,NA,0,NA,0,NA,0,NA,0,NA,0,NA
291,3A-35Y-1-80-83,0,NA,0,NA,2,01-071-3699,2,00-041-1475,3,NA,0,NA,0,NA,0,NA,3,NA,0,NA,0,NA,0,NA,0,NA,0,NA,0,NA,0,NA,0,NA,0,NA,0,NA,0,NA,0,NA,0,NA,0,NA,0,NA,0,NA,0,NA,0,NA,0,NA
292,3A-35Y-1-112-114,0,NA,3,NA,2,01-071-3699,2,00-041-1475,2,NA,0,NA,1,NA,0,NA,2,NA,0,NA,0,NA,0,NA,0,NA,0,NA,0,NA,0,NA,0,NA,0,NA,0,NA,0,NA,0,NA,0,NA,0,NA,0,NA,0,NA,0,NA,0,NA,0,NA
293,3A-35Y-1-144-146,0,NA,0,NA,4,01-071-3699,0,NA,0,NA,0,NA,0,NA,0,NA,2,NA,0,NA,2,00-042-1340,1,NA,0,NA,0,NA,0,NA,0,NA,0,NA,0,NA,0,NA,0,NA,0,NA,0,NA,0,NA,2,01-074-1433,0,NA,0,NA,0,NA,0,NA
294,3A-39Y-2-112-114,0,NA,2,NA,0,NA,0,NA,0,NA,0,NA,2,NA,0,NA,2,NA,0,NA,0,NA,0,NA,0,NA,0,NA,0,NA,0,NA,0,NA,0,NA,0,NA,0,NA,0,NA,0,NA,0,NA,0,NA,0,NA,0,NA,0,NA,0,NA